-- Script was generated by Devart dbForge Studio for MySQL, Version 6.0.622.0
-- Product home page: http://www.devart.com/dbforge/mysql/studio
-- Script date 3/01/2014 3:54:29 PM
-- Server version: 5.1.71
-- Client version: 4.1

-- 
-- Disable foreign keys
-- 
/*!40014 SET @OLD_FOREIGN_KEY_CHECKS=@@FOREIGN_KEY_CHECKS, FOREIGN_KEY_CHECKS=0 */;

-- 
-- Set character set the client will use to send SQL statements to the server
--
SET NAMES 'utf8';

-- 
-- Set default database
--
USE foundation;

--
-- Definition for table address
--
DROP TABLE IF EXISTS address;
CREATE TABLE address (
  id INT(10) UNSIGNED NOT NULL AUTO_INCREMENT COMMENT 'Autonumber primary key',
  foreign_type VARCHAR(255) NOT NULL COMMENT 'The table this address belongs to, e.g. users',
  foreign_id INT(10) UNSIGNED NOT NULL COMMENT 'The id of the foreign record',
  address_type VARCHAR(255) NOT NULL COMMENT 'The type of address (e.g. billing, delivery)',
  address1 VARCHAR(255) NOT NULL,
  address2 VARCHAR(255) DEFAULT NULL,
  suburb VARCHAR(255) NOT NULL,
  postcode VARCHAR(255) NOT NULL,
  state_id INT(10) UNSIGNED NOT NULL COMMENT 'Keys to the states table',
  country_id INT(10) UNSIGNED NOT NULL COMMENT 'Keys to the countries table',
  PRIMARY KEY (id),
  INDEX IDX_address (foreign_id, foreign_type),
  UNIQUE INDEX UK_address (foreign_id, foreign_type, address_type)
)
ENGINE = INNODB
AUTO_INCREMENT = 1
CHARACTER SET utf8
COLLATE utf8_general_ci
COMMENT = 'Holds address records (e.g. user address records)';

--
-- Definition for table attributes
--
DROP TABLE IF EXISTS attributes;
CREATE TABLE attributes (
  id INT(10) UNSIGNED NOT NULL AUTO_INCREMENT,
  foreign_type VARCHAR(255) NOT NULL,
  foreign_id INT(10) UNSIGNED NOT NULL,
  attribute VARCHAR(255) NOT NULL,
  value VARCHAR(255) DEFAULT NULL COMMENT 'Stores a varchar value for the attribute',
  value_int INT(11) DEFAULT NULL COMMENT 'Holds an integer value for the attribute',
  value_float FLOAT DEFAULT NULL COMMENT 'Holds a float value for the attribute',
  value_date DATE DEFAULT NULL COMMENT 'Holds a date value for the attribute',
  value_datetime DATETIME DEFAULT NULL COMMENT 'Holds a datetime value for the attribute',
  value_text TEXT DEFAULT NULL COMMENT 'Holds a text value for the attribute',
  PRIMARY KEY (id),
  INDEX IDX_attributes (foreign_id, foreign_type),
  UNIQUE INDEX UK_attributes (foreign_id, foreign_type, attribute)
)
ENGINE = INNODB
AUTO_INCREMENT = 1
CHARACTER SET utf8
COLLATE utf8_general_ci
COMMENT = 'Holds record attributes.  Can store any number of attributes';

--
-- Definition for table countries
--
DROP TABLE IF EXISTS countries;
CREATE TABLE countries (
  id INT(10) UNSIGNED NOT NULL AUTO_INCREMENT COMMENT 'Autonumber primary key',
  country VARCHAR(255) NOT NULL,
  iso VARCHAR(5) DEFAULT NULL,
  currency VARCHAR(255) DEFAULT NULL,
  currency_code VARCHAR(255) DEFAULT NULL,
  PRIMARY KEY (id)
)
ENGINE = INNODB
AUTO_INCREMENT = 278
AVG_ROW_LENGTH = 59
CHARACTER SET utf8
COLLATE utf8_general_ci
COMMENT = 'Holds a list of country names';

--
-- Definition for table roles
--
DROP TABLE IF EXISTS roles;
CREATE TABLE roles (
  id INT(10) UNSIGNED NOT NULL AUTO_INCREMENT COMMENT 'Autonumber primary key',
  role VARCHAR(255) NOT NULL COMMENT 'The name of the role',
  PRIMARY KEY (id)
)
ENGINE = INNODB
AUTO_INCREMENT = 1
CHARACTER SET utf8
COLLATE utf8_general_ci
COMMENT = 'Holds the available user roles, e.g. admin, member';

--
-- Definition for table users
--
DROP TABLE IF EXISTS users;
CREATE TABLE users (
  id INT(10) UNSIGNED NOT NULL AUTO_INCREMENT COMMENT 'Autonumber primary key',
  first_name VARCHAR(50) NOT NULL COMMENT 'The users first name',
  last_name VARCHAR(50) NOT NULL COMMENT 'The users last name',
  email VARCHAR(50) NOT NULL COMMENT 'The users email address, used as the login',
  password VARCHAR(255) NOT NULL COMMENT 'The users password, stored preferably as a bcrypt hash',
  salt VARCHAR(255) DEFAULT NULL COMMENT 'Only used when running on versions of PHP < 5.5 where bcrypt is not available',
  PRIMARY KEY (id),
  UNIQUE INDEX UK_users_email (email)
)
ENGINE = INNODB
AUTO_INCREMENT = 7
AVG_ROW_LENGTH = 8192
CHARACTER SET utf8
COLLATE utf8_general_ci
COMMENT = 'Holds a list of users who have access to the system';

--
-- Definition for table users_roles
--
DROP TABLE IF EXISTS users_roles;
CREATE TABLE users_roles (
  id INT(10) UNSIGNED NOT NULL AUTO_INCREMENT COMMENT 'Autonumber primary key',
  user_id INT(10) UNSIGNED NOT NULL COMMENT 'Keys to the users table',
  role_id INT(10) UNSIGNED NOT NULL COMMENT 'Keys to the roles table',
  PRIMARY KEY (id),
  INDEX IDX_user_roles_user_id (user_id)
)
ENGINE = INNODB
AUTO_INCREMENT = 1
CHARACTER SET utf8
COLLATE utf8_general_ci
COMMENT = 'Stores the roles assigned to a user.  Each user should be as';

--
-- Definition for table metadata
--
DROP TABLE IF EXISTS metadata;
CREATE TABLE metadata (
  id INT(10) UNSIGNED NOT NULL AUTO_INCREMENT,
  foreign_type VARCHAR(255) NOT NULL,
  foreign_id INT(10) UNSIGNED NOT NULL,
  created_by INT(10) UNSIGNED DEFAULT NULL COMMENT 'The user who created the record',
  created_dtm DATETIME NOT NULL COMMENT 'The date/time the record was created',
  modified_by INT(10) UNSIGNED DEFAULT NULL COMMENT 'The user that last modified the record',
  modified_dtm DATETIME DEFAULT NULL COMMENT 'The date/time the record was last modified',
  PRIMARY KEY (id),
  INDEX IDX_metadata_created_by (created_by),
  INDEX IDX_metadata_modified_by (modified_by),
  UNIQUE INDEX UK_metadata (foreign_id, foreign_type),
  CONSTRAINT FK_metadata_users_id FOREIGN KEY (created_by)
    REFERENCES users(id) ON DELETE CASCADE ON UPDATE CASCADE,
  CONSTRAINT FK_metadata_users_id_modifiedby FOREIGN KEY (modified_by)
    REFERENCES users(id) ON DELETE CASCADE ON UPDATE CASCADE
)
ENGINE = INNODB
AUTO_INCREMENT = 1
CHARACTER SET utf8
COLLATE utf8_general_ci
COMMENT = 'Holds record metadata';

--
-- Definition for table states
--
DROP TABLE IF EXISTS states;
CREATE TABLE states (
  id INT(10) UNSIGNED NOT NULL AUTO_INCREMENT COMMENT 'Autonumber primary key',
  country_id INT(10) UNSIGNED NOT NULL COMMENT 'Keys to the countries table',
  state VARCHAR(255) DEFAULT NULL COMMENT 'The name of the state',
  PRIMARY KEY (id),
  INDEX IDX_states_country_id (country_id),
  CONSTRAINT FK_states_countries_id FOREIGN KEY (country_id)
    REFERENCES countries(id) ON DELETE RESTRICT ON UPDATE RESTRICT
)
ENGINE = INNODB
AUTO_INCREMENT = 3949
AVG_ROW_LENGTH = 52
CHARACTER SET utf8
COLLATE utf8_general_ci
COMMENT = 'Holds a list of states';

-- 
-- Dumping data for table address
--

-- Table foundation.address does not contain any data (it is empty)

-- 
-- Dumping data for table attributes
--

-- Table foundation.attributes does not contain any data (it is empty)

-- 
-- Dumping data for table countries
--
INSERT INTO countries VALUES
(1, 'Australia', 'AU', 'Australian dollar', 'AUD'),
(2, 'Albania', 'AL', 'Lek', 'ALL'),
(3, 'Algeria', 'DZ', 'Algerian Dinar', 'DZD'),
(4, 'American Samoa', 'AS', 'US Dollar', 'USD'),
(5, 'Andorra', 'AD', 'Euro', 'EUR'),
(6, 'Angola', 'AO', 'Kwanza', 'AOA'),
(7, 'Anguilla', 'AI', 'East Caribbean Dollar', 'XCD'),
(8, 'Antarctica', 'AQ', '', ''),
(9, 'Antigua and Barbuda', 'AG', 'East Caribbean Dollar', 'XCD'),
(10, 'Argentina', 'AR', 'Argentine Peso', 'ARS'),
(11, 'Armenia', 'AM', 'Armenian Dram', 'AMD'),
(12, 'Aruba', 'AW', 'Aruban Guilder', 'AWG'),
(13, 'Ashmore and Cartier', '--', '', ''),
(15, 'Austria', 'AT', 'Euro', 'EUR'),
(16, 'Azerbaijan', 'AZ', 'Azerbaijani Manat', 'AZM'),
(17, 'The Bahamas', 'BS', 'Bahamian Dollar', 'BSD'),
(18, 'Bahrain', 'BH', 'Bahraini Dinar', 'BHD'),
(19, 'Baker Island', '--', '', ''),
(20, 'Bangladesh', 'BD', 'Taka', 'BDT'),
(21, 'Barbados', 'BB', 'Barbados Dollar', 'BBD'),
(22, 'Bassas da India', '--', '', ''),
(23, 'Belarus', 'BY', 'Belarussian Ruble', 'BYR'),
(24, 'Belgium', 'BE', 'Euro', 'EUR'),
(25, 'Belize', 'BZ', 'Belize Dollar', 'BZD'),
(26, 'Benin', 'BJ', 'CFA Franc BCEAO', 'XOF'),
(27, 'Bermuda', 'BM', 'Bermudian Dollar', 'BMD'),
(28, 'Bhutan', 'BT', 'Ngultrum', 'BTN'),
(29, 'Bolivia', 'BO', 'Boliviano', 'BOB'),
(30, 'Bosnia and Herzegovina', 'BA', 'Convertible Marka', 'BAM'),
(31, 'Botswana', 'BW', 'Pula', 'BWP'),
(32, 'Bouvet Island', 'BV', 'Norwegian Krone', 'NOK'),
(33, 'Brazil', 'BR', 'Brazilian Real', 'BRL'),
(34, 'British Indian Ocean Territory', 'IO', 'US Dollar', 'USD'),
(35, 'British Virgin Islands', 'VG', 'US Dollar', 'USD'),
(36, 'Brunei Darussalam', 'BN', 'Brunei Dollar', 'BND'),
(37, 'Bulgaria', 'BG', 'Lev', 'BGN'),
(38, 'Burkina Faso', 'BF', 'CFA Franc BCEAO', 'XOF'),
(39, 'Burma', 'MM', 'kyat', 'MMK'),
(40, 'Burundi', 'BI', 'Burundi Franc', 'BIF'),
(41, 'Cambodia', 'KH', 'Riel', 'KHR'),
(42, 'Cameroon', 'CM', 'CFA Franc BEAC', 'XAF'),
(43, 'Canada', 'CA', 'Canadian Dollar', 'CAD'),
(44, 'Cape Verde', 'CV', 'Cape Verdean Escudo', 'CVE'),
(45, 'Cayman Islands', 'KY', 'Cayman Islands Dollar', 'KYD'),
(46, 'Central African Republic', 'CF', 'CFA Franc BEAC', 'XAF'),
(47, 'Chad', 'TD', 'CFA Franc BEAC', 'XAF'),
(48, 'Chile', 'CL', 'Chilean Peso', 'CLP'),
(49, 'China', 'CN', 'Yuan Renminbi', 'CNY'),
(50, 'Christmas Island', 'CX', 'Australian Dollar', 'AUD'),
(51, 'Clipperton Island', '--', '', ''),
(52, 'Cocos (Keeling) Islands', 'CC', 'Australian Dollar', 'AUD'),
(53, 'Colombia', 'CO', 'Colombian Peso', 'COP'),
(54, 'Comoros', 'KM', 'Comoro Franc', 'KMF'),
(55, 'Congo (Democratic)', 'CD', 'Franc Congolais', 'CDF'),
(56, 'Congo', 'CG', 'CFA Franc BEAC', 'XAF'),
(57, 'Cook Islands', 'CK', 'New Zealand Dollar', 'NZD'),
(58, 'Coral Sea Islands', '--', '', ''),
(59, 'Costa Rica', 'CR', 'Costa Rican Colon', 'CRC'),
(60, 'Cote d''Ivoire', 'CI', 'CFA Franc BCEAO', 'XOF'),
(61, 'Croatia', 'HR', 'Kuna', 'HRK'),
(62, 'Cuba', 'CU', 'Cuban Peso', 'CUP'),
(63, 'Cyprus', 'CY', 'Cyprus Pound', 'CYP'),
(64, 'Czech Republic', 'CZ', 'Czech Koruna', 'CZK'),
(65, 'Denmark', 'DK', 'Danish Krone', 'DKK'),
(66, 'Djibouti', 'DJ', 'Djibouti Franc', 'DJF'),
(67, 'Dominica', 'DM', 'East Caribbean Dollar', 'XCD'),
(68, 'Dominican Republic', 'DO', 'Dominican Peso', 'DOP'),
(69, 'East Timor', 'TL', 'Timor Escudo', 'TPE'),
(70, 'Ecuador', 'EC', 'US Dollar', 'USD'),
(71, 'Egypt', 'EG', 'Egyptian Pound', 'EGP'),
(72, 'El Salvador', 'SV', 'El Salvador Colon', 'SVC'),
(73, 'Equatorial Guinea', 'GQ', 'CFA Franc BEAC', 'XAF'),
(74, 'Eritrea', 'ER', 'Nakfa', 'ERN'),
(75, 'Estonia', 'EE', 'Kroon', 'EEK'),
(76, 'Ethiopia', 'ET', 'Ethiopian Birr', 'ETB'),
(77, 'Europa Island', '--', '', ''),
(78, 'Falkland Islands (Islas Malvinas)', 'FK', 'Falkland Islands Pound', 'FKP'),
(79, 'Faroe Islands', 'FO', 'Danish Krone', 'DKK'),
(80, 'Fiji', 'FJ', 'Fijian Dollar', 'FJD'),
(81, 'Finland', 'FI', 'Euro', 'EUR'),
(82, 'France', 'FR', 'Euro', 'EUR'),
(83, 'France, Metropolitan', '--', 'Euro', 'EUR'),
(84, 'French Guiana', 'GF', 'Euro', 'EUR'),
(85, 'French Polynesia', 'PF', 'CFP Franc', 'XPF'),
(87, 'Gabon', 'GA', 'CFA Franc BEAC', 'XAF'),
(88, 'The Gambia', 'GM', 'Dalasi', 'GMD'),
(89, 'Gaza Strip', '--', 'New Israeli Shekel', 'ILS'),
(90, 'Georgia', 'GE', 'Lari', 'GEL'),
(91, 'Germany', 'DE', 'Euro', 'EUR'),
(92, 'Ghana', 'GH', 'Cedi', 'GHC'),
(93, 'Gibraltar', 'GI', 'Gibraltar Pound', 'GIP'),
(94, 'Glorioso Islands', '--', '', ''),
(95, 'Greece', 'GR', 'Euro', 'EUR'),
(96, 'Greenland', 'GL', 'Danish Krone', 'DKK'),
(97, 'Grenada', 'GD', 'East Caribbean Dollar', 'XCD'),
(98, 'Guadeloupe', 'GP', 'Euro', 'EUR'),
(99, 'Guam', 'GU', 'US Dollar', 'USD'),
(100, 'Guatemala', 'GT', 'Quetzal', 'GTQ'),
(101, 'Guernsey', '--', 'Pound Sterling', 'GBP'),
(102, 'Guinea', 'GN', 'Guinean Franc', 'GNF'),
(103, 'Guinea-Bissau', 'GW', 'CFA Franc BCEAO', 'XOF'),
(104, 'Guyana', 'GY', 'Guyana Dollar', 'GYD'),
(105, 'Haiti', 'HT', 'Gourde', 'HTG'),
(106, 'Heard and McDonald Islands', 'HM', 'Australian Dollar', 'AUD'),
(107, 'Holy See (Vatican City)', 'VA', 'Euro', 'EUR'),
(108, 'Honduras', 'HN', 'Lempira', 'HNL'),
(109, 'Hong Kong', 'HK', 'Hong Kong Dollar', 'HKD'),
(110, 'Howland Island', '--', '', ''),
(111, 'Hungary', 'HU', 'Forint', 'HUF'),
(112, 'Iceland', 'IS', 'Iceland Krona', 'ISK'),
(113, 'India', 'IN', 'Indian Rupee', 'INR'),
(114, 'Indonesia', 'ID', 'Rupiah', 'IDR'),
(115, 'Iran', 'IR', 'Iranian Rial', 'IRR'),
(116, 'Iraq', 'IQ', 'Iraqi Dinar', 'IQD'),
(117, 'Ireland', 'IE', 'Euro', 'EUR'),
(118, 'Israel', 'IL', 'New Israeli Sheqel', 'ILS'),
(119, 'Italy', 'IT', 'Euro', 'EUR'),
(120, 'Jamaica', 'JM', 'Jamaican dollar', 'JMD'),
(121, 'Jan Mayen', '--', 'Norway Kroner', 'NOK'),
(122, 'Japan', 'JP', 'Yen', 'JPY'),
(123, 'Jarvis Island', '--', '', ''),
(124, 'Jersey', '--', 'Pound Sterling', 'GBP'),
(125, 'Johnston Atoll', '--', '', ''),
(126, 'Jordan', 'JO', 'Jordanian Dinar', 'JOD'),
(127, 'Juan de Nova Island', '--', '', ''),
(128, 'Kazakhstan', 'KZ', 'Tenge', 'KZT'),
(129, 'Kenya', 'KE', 'Kenyan shilling', 'KES'),
(130, 'Kingman Reef', '--', '', ''),
(131, 'Kiribati', 'KI', 'Australian dollar', 'AUD'),
(132, 'Korea, North', 'KP', 'North Korean Won', 'KPW'),
(133, 'Korea, South', 'KR', 'Won', 'KRW'),
(134, 'Kuwait', 'KW', 'Kuwaiti Dinar', 'KWD'),
(135, 'Kyrgyzstan', 'KG', 'Som', 'KGS'),
(136, 'Laos', 'LA', 'Kip', 'LAK'),
(137, 'Latvia', 'LV', 'Latvian Lats', 'LVL'),
(138, 'Lebanon', 'LB', 'Lebanese Pound', 'LBP'),
(139, 'Lesotho', 'LS', 'Loti', 'LSL'),
(140, 'Liberia', 'LR', 'Liberian Dollar', 'LRD'),
(141, 'Libya', 'LY', 'Libyan Dinar', 'LYD'),
(142, 'Liechtenstein', 'LI', 'Swiss Franc', 'CHF'),
(143, 'Lithuania', 'LT', 'Lithuanian Litas', 'LTL'),
(144, 'Luxembourg', 'LU', 'Euro', 'EUR'),
(145, 'Macao', 'MO', 'Pataca', 'MOP'),
(146, 'Macedonia', 'MK', 'Denar', 'MKD'),
(147, 'Madagascar', 'MG', 'Malagasy Franc', 'MGF'),
(148, 'Malawi', 'MW', 'Kwacha', 'MWK'),
(149, 'Malaysia', 'MY', 'Malaysian Ringgit', 'MYR'),
(150, 'Maldives', 'MV', 'Rufiyaa', 'MVR'),
(151, 'Mali', 'ML', 'CFA Franc BCEAO', 'XOF'),
(152, 'Malta', 'MT', 'Maltese Lira', 'MTL'),
(153, 'Man, Isle of', '--', 'Pound Sterling', 'GBP'),
(154, 'Marshall Islands', 'MH', 'US Dollar', 'USD'),
(155, 'Martinique', 'MQ', 'Euro', 'EUR'),
(156, 'Mauritania', 'MR', 'Ouguiya', 'MRO'),
(157, 'Mauritius', 'MU', 'Mauritius Rupee', 'MUR'),
(158, 'Mayotte', 'YT', 'Euro', 'EUR'),
(159, 'Mexico', 'MX', 'Mexican Peso', 'MXN'),
(160, 'Micronesia', 'FM', 'US Dollar', 'USD'),
(161, 'Midway Islands', '--', 'United States Dollars', 'USD'),
(162, 'Miscellaneous (French)', '--', '', ''),
(163, 'Moldova', 'MD', 'Moldovan Leu', 'MDL'),
(164, 'Monaco', 'MC', 'Euro', 'EUR'),
(165, 'Mongolia', 'MN', 'Tugrik', 'MNT'),
(166, 'Montenegro', '--', '', ''),
(167, 'Montserrat', 'MS', 'East Caribbean Dollar', 'XCD'),
(168, 'Morocco', 'MA', 'Moroccan Dirham', 'MAD'),
(169, 'Mozambique', 'MZ', 'Metical', 'MZM'),
(170, 'Myanmar', '--', 'Kyat', 'MMK'),
(171, 'Namibia', 'NA', 'Namibian Dollar', 'NAD'),
(172, 'Nauru', 'NR', 'Australian Dollar', 'AUD'),
(173, 'Navassa Island', '--', '', ''),
(174, 'Nepal', 'NP', 'Nepalese Rupee', 'NPR'),
(175, 'Netherlands', 'NL', 'Euro', 'EUR'),
(176, 'Netherlands Antilles', 'AN', 'Netherlands Antillean guilder', 'ANG'),
(177, 'New Caledonia', 'NC', 'CFP Franc', 'XPF'),
(178, 'New Zealand', 'NZ', 'New Zealand Dollar', 'NZD'),
(179, 'Nicaragua', 'NI', 'Cordoba Oro', 'NIO'),
(180, 'Niger', 'NE', 'CFA Franc BCEAO', 'XOF'),
(181, 'Nigeria', 'NG', 'Naira', 'NGN'),
(182, 'Niue', 'NU', 'New Zealand Dollar', 'NZD'),
(183, 'Norfolk Island', 'NF', 'Australian Dollar', 'AUD'),
(184, 'Northern Mariana Islands', 'MP', 'US Dollar', 'USD'),
(185, 'Norway', 'NO', 'Norwegian Krone', 'NOK'),
(186, 'Oman', 'OM', 'Rial Omani', 'OMR'),
(187, 'Pakistan', 'PK', 'Pakistan Rupee', 'PKR'),
(188, 'Palau', 'PW', 'US Dollar', 'USD'),
(189, 'Palmyra Atoll', '--', '', ''),
(190, 'Panama', 'PA', 'balboa', 'PAB'),
(191, 'Papua New Guinea', 'PG', 'Kina', 'PGK'),
(192, 'Paracel Islands', '--', '', ''),
(193, 'Paraguay', 'PY', 'Guarani', 'PYG'),
(194, 'Peru', 'PE', 'Nuevo Sol', 'PEN'),
(195, 'Philippines', 'PH', 'Philippine Peso', 'PHP'),
(196, 'Pitcairn Islands', 'PN', 'New Zealand Dollar', 'NZD'),
(197, 'Poland', 'PL', 'Zloty', 'PLN'),
(198, 'Portugal', 'PT', 'Euro', 'EUR'),
(199, 'Puerto Rico', 'PR', 'US Dollar', 'USD'),
(200, 'Qatar', 'QA', 'Qatari Rial', 'QAR'),
(201, 'Réunion', 'RE', 'Euro', 'EUR'),
(202, 'Romania', 'RO', 'Leu', 'ROL'),
(203, 'Russia', 'RU', 'Russian Ruble', 'RUB'),
(204, 'Rwanda', 'RW', 'Rwanda Franc', 'RWF'),
(205, 'Saint Helena', 'SH', 'Saint Helenian Pound', 'SHP'),
(206, 'Saint Kitts and Nevis', 'KN', 'East Caribbean Dollar', 'XCD'),
(207, 'Saint Lucia', 'LC', 'East Caribbean Dollar', 'XCD'),
(208, 'Saint Pierre and Miquelon', 'PM', 'Euro', 'EUR'),
(209, 'Saint Vincent/Grenadines', 'VC', 'East Caribbean Dollar', 'XCD'),
(210, 'Samoa', 'WS', 'Tala', 'WST'),
(211, 'San Marino', 'SM', 'Euro', 'EUR'),
(212, 'São Tomé and Príncipe', 'ST', 'Dobra', 'STD'),
(213, 'Saudi Arabia', 'SA', 'Saudi Riyal', 'SAR'),
(214, 'Senegal', 'SN', 'CFA Franc BCEAO', 'XOF'),
(215, 'Serbia', '--', '', ''),
(216, 'Serbia and Montenegro', '--', '', ''),
(217, 'Seychelles', 'SC', 'Seychelles Rupee', 'SCR'),
(218, 'Sierra Leone', 'SL', 'Leone', 'SLL'),
(219, 'Singapore', 'SG', 'Singapore Dollar', 'SGD'),
(220, 'Slovakia', 'SK', 'Slovak Koruna', 'SKK'),
(221, 'Slovenia', 'SI', 'Tolar', 'SIT'),
(222, 'Solomon Islands', 'SB', 'Solomon Islands Dollar', 'SBD'),
(223, 'Somalia', 'SO', 'Somali Shilling', 'SOS'),
(224, 'South Africa', 'ZA', 'Rand', 'ZAR'),
(226, 'Spain', 'ES', 'Euro', 'EUR'),
(227, 'Spratly Islands', '--', '', ''),
(228, 'Sri Lanka', 'LK', 'Sri Lanka Rupee', 'LKR'),
(229, 'Sudan', 'SD', 'Sudanese Dinar', 'SDD'),
(230, 'Suriname', 'SR', 'Suriname Guilder', 'SRG'),
(231, 'Svalbard', 'SJ', 'Norwegian Krone', 'NOK'),
(232, 'Swaziland', 'SZ', 'Lilangeni', 'SZL'),
(233, 'Sweden', 'SE', 'Swedish Krona', 'SEK'),
(234, 'Switzerland', 'CH', 'Swiss Franc', 'CHF'),
(235, 'Syria', 'SY', 'Syrian Pound', 'SYP'),
(236, 'Taiwan', 'TW', 'New Taiwan Dollar', 'TWD'),
(237, 'Tajikistan', 'TJ', 'Somoni', 'TJS'),
(238, 'Tanzania', 'TZ', 'Tanzanian Shilling', 'TZS'),
(239, 'Thailand', 'TH', 'Baht', 'THB'),
(240, 'Togo', 'TG', 'CFA Franc BCEAO', 'XOF'),
(241, 'Tokelau', 'TK', 'New Zealand Dollar', 'NZD'),
(242, 'Tonga', 'TO', 'Pa''anga', 'TOP'),
(243, 'Trinidad and Tobago', 'TT', 'Trinidad and Tobago Dollar', 'TTD'),
(244, 'Tromelin Island', '--', '', ''),
(245, 'Tunisia', 'TN', 'Tunisian Dinar', 'TND'),
(246, 'Turkey', 'TR', 'Turkish Lira', 'TRL'),
(247, 'Turkmenistan', 'TM', 'Manat', 'TMM'),
(248, 'Turks and Caicos Islands', 'TC', 'US Dollar', 'USD'),
(249, 'Tuvalu', 'TV', 'Australian Dollar', 'AUD'),
(250, 'Uganda', 'UG', 'Uganda Shilling', 'UGX'),
(251, 'Ukraine', 'UA', 'Hryvnia', 'UAH'),
(252, 'United Arab Emirates', 'AE', 'UAE Dirham', 'AED'),
(253, 'United Kingdom', 'GB', 'Pound Sterling', 'GBP'),
(254, 'United States', 'US', 'US Dollar', 'USD'),
(255, 'US Minor Outlying Islands', 'UM', 'US Dollar', 'USD'),
(256, 'Uruguay', 'UY', 'Peso Uruguayo', 'UYU'),
(257, 'Uzbekistan', 'UZ', 'Uzbekistan Sum', 'UZS'),
(258, 'Vanuatu', 'VU', 'Vatu', 'VUV'),
(259, 'Venezuela', 'VE', 'Bolivar', 'VEB'),
(260, 'Vietnam', 'VN', 'Dong', 'VND'),
(261, 'Virgin Islands', 'VI', 'US Dollar', 'USD'),
(262, 'Virgin Islands (UK)', '--', 'US Dollar', 'USD'),
(263, 'Virgin Islands (US)', '--', 'US Dollar', 'USD'),
(264, 'Wake Island', '--', 'US Dollar', 'USD'),
(265, 'Wallis and Futuna', 'WF', 'CFP Franc', 'XPF'),
(266, 'West Bank', '--', 'New Israeli Shekel', 'ILS'),
(267, 'Western Sahara', 'EH', 'Moroccan Dirham', 'MAD'),
(268, 'Western Samoa', '--', 'Tala', 'WST'),
(269, 'World', '--', '', ''),
(270, 'Yemen', 'YE', 'Yemeni Rial', 'YER'),
(271, 'Yugoslavia', 'YU', 'Yugoslavian Dinar', 'YUM'),
(272, 'Zaire', '--', '', ''),
(273, 'Zambia', 'ZM', 'Kwacha', 'ZMK'),
(274, 'Zimbabwe', 'ZW', 'Zimbabwe Dollar', 'ZWD'),
(275, 'Palestinian Territory, Occupied', 'PS', '', ''),
(276, 'Afghanistan', 'AF', 'Afghani', 'AFA'),
(277, 'Other', '', NULL, NULL);

-- 
-- Dumping data for table roles
--

-- Table foundation.roles does not contain any data (it is empty)

-- 
-- Dumping data for table users
--
INSERT INTO users VALUES
(1, 'Andrew', 'Chapman', 'andy@simb.com.au', 'eb58fa42f68a190f1d9c7a31391c9d7db0a3853275d35d2bc262e6b5c152f789', 'kaml0M738&'),
(6, 'Bill', 'Smith', 'bill@smith.com.au', '0b6caba1dbe07aaad994d568eda42a7609c2e6f50bc32037bbefdc417b7375fb', '6qU*)T)Jwn');

-- 
-- Dumping data for table users_roles
--

-- Table foundation.users_roles does not contain any data (it is empty)

-- 
-- Dumping data for table metadata
--

-- Table foundation.metadata does not contain any data (it is empty)

-- 
-- Dumping data for table states
--
INSERT INTO states VALUES
(1, 1, 'Victoria'),
(2, 1, 'Tasmania'),
(3, 1, 'Queensland'),
(4, 1, 'New South Wales'),
(5, 1, 'South Australia'),
(6, 1, 'Western Australia'),
(7, 1, 'Northern Territory'),
(8, 33, 'Acre'),
(9, 33, 'Amapá'),
(10, 33, 'Bahia'),
(11, 33, 'Goiás'),
(12, 33, 'Piauí'),
(13, 33, 'Ceará'),
(14, 33, 'Paraná'),
(15, 33, 'Alagoas'),
(16, 33, 'Paraíba'),
(17, 33, 'Roraima'),
(18, 33, 'Sergipe'),
(19, 33, 'Amazonas'),
(20, 33, 'Maranhão'),
(21, 33, 'Rondônia'),
(22, 33, 'São Paulo'),
(23, 33, 'Tocantins'),
(24, 33, 'Mato Grosso'),
(25, 33, 'Minas Gerais'),
(26, 33, 'Espírito Santo'),
(27, 33, 'Rio de Janeiro'),
(28, 33, 'Santa Catarina'),
(29, 33, 'Rio Grande do Sul'),
(30, 33, 'Mato Grosso do Sul'),
(31, 33, 'Rio Grande do Norte'),
(32, 43, 'Quebec'),
(33, 43, 'Alberta'),
(34, 43, 'Ontario'),
(35, 43, 'Manitoba'),
(36, 43, 'Nova Scotia'),
(37, 43, 'Saskatchewan'),
(38, 43, 'Newfoundland and Labrador'),
(39, 43, 'New Brunswick'),
(40, 43, 'British Columbia'),
(41, 43, 'Prince Edward Island'),
(42, 43, 'Northwest Territories'),
(43, 114, 'Bali'),
(44, 159, 'Sonora'),
(45, 159, 'Jalisco'),
(46, 159, 'Hidalgo'),
(47, 159, 'Morelos'),
(48, 159, 'Chiapas'),
(49, 159, 'Tabasco'),
(50, 159, 'Guerrero'),
(51, 159, 'Nuevo Leon'),
(52, 159, 'Tamaulipas'),
(53, 159, 'Guanajuato'),
(54, 159, 'Quintana Roo'),
(55, 159, 'Baja California'),
(56, 159, 'Baja California Sur'),
(57, 165, 'Tov'),
(58, 165, 'Uvs'),
(59, 165, 'Dornod'),
(60, 165, 'Hovsgol'),
(61, 165, 'Selenge'),
(62, 165, 'Suhbaatar'),
(63, 203, 'Komi'),
(64, 203, 'Dagestan'),
(65, 203, 'Mariy-El'),
(66, 203, 'Tatarstan'),
(67, 254, 'Alabama'),
(68, 254, 'Alaska'),
(69, 254, 'Arizona'),
(70, 254, 'Arkansas'),
(71, 254, 'California'),
(72, 254, 'Colorado'),
(73, 254, 'Connecticut'),
(74, 254, 'Delaware'),
(75, 254, 'District of Columbia'),
(76, 254, 'Florida'),
(77, 254, 'Georgia'),
(78, 254, 'Hawaii'),
(79, 254, 'Idaho'),
(80, 254, 'Illinois'),
(81, 254, 'Indiana'),
(82, 254, 'Iowa'),
(83, 254, 'Kansas'),
(84, 254, 'Kentucky'),
(85, 254, 'Louisiana'),
(86, 254, 'Maine'),
(87, 254, 'Maryland'),
(88, 254, 'Massachusetts'),
(89, 254, 'Michigan'),
(90, 254, 'Minnesota'),
(91, 254, 'Mississippi'),
(92, 254, 'Missouri'),
(93, 254, 'Montana'),
(94, 254, 'Nebraska'),
(95, 254, 'Nevada'),
(96, 254, 'New Hampshire'),
(97, 254, 'New Jersey'),
(98, 254, 'New Mexico'),
(99, 254, 'New York'),
(100, 254, 'North Carolina'),
(101, 254, 'North Dakota'),
(102, 254, 'Ohio'),
(103, 254, 'Oklahoma'),
(104, 254, 'Oregon'),
(105, 254, 'Pennsylvania'),
(106, 254, 'Rhode Island'),
(107, 254, 'South Carolina'),
(108, 254, 'South Dakota'),
(109, 254, 'Tennessee'),
(110, 254, 'Texas'),
(111, 254, 'Utah'),
(112, 254, 'Virginia'),
(113, 254, 'Washington'),
(114, 254, 'West Virginia'),
(115, 254, 'Wisconsin'),
(116, 254, 'Wyoming'),
(117, 254, 'Vermont'),
(118, 1, 'Australian Capital Territory'),
(119, 114, 'Papua'),
(120, 165, 'Bulgan'),
(121, 165, 'Hovd'),
(122, 159, 'Chihuahua'),
(123, 159, 'Colima'),
(124, 159, 'Durango'),
(125, 159, 'Oaxaca'),
(126, 159, 'San Luis Potosi'),
(127, 159, 'Tlaxcala'),
(128, 159, 'Zacatecas'),
(129, 269, 'World'),
(130, 2, 'Albania'),
(131, 3, 'Algeria'),
(132, 4, 'American Samoa'),
(133, 5, 'Andorra'),
(134, 6, 'Angola'),
(135, 7, 'Anguilla'),
(136, 8, 'Antarctica'),
(137, 9, 'Antigua and Barbuda'),
(138, 10, 'Argentina'),
(139, 11, 'Armenia'),
(140, 12, 'Aruba'),
(141, 13, 'Ashmore and Cartier'),
(142, 15, 'Austria'),
(143, 16, 'Azerbaijan'),
(144, 17, 'The Bahamas'),
(145, 18, 'Bahrain'),
(146, 19, 'Baker Island'),
(147, 20, 'Bangladesh'),
(148, 21, 'Barbados'),
(149, 22, 'Bassas da India'),
(150, 23, 'Belarus'),
(151, 24, 'Belgium'),
(152, 26, 'Benin'),
(153, 27, 'Bermuda'),
(154, 28, 'Bhutan'),
(155, 29, 'Bolivia'),
(156, 30, 'Bosnia and Herzegovina'),
(157, 31, 'Botswana'),
(158, 32, 'Bouvet Island'),
(159, 33, 'Brazil'),
(160, 34, 'British Indian Ocean Territory'),
(161, 35, 'British Virgin Islands'),
(162, 36, 'Brunei Darussalam'),
(163, 37, 'Bulgaria'),
(164, 38, 'Burkina Faso'),
(165, 39, 'Burma'),
(166, 40, 'Burundi'),
(167, 41, 'Cambodia'),
(168, 42, 'Cameroon'),
(169, 43, 'Canada'),
(170, 44, 'Cape Verde'),
(171, 45, 'Cayman Islands'),
(172, 46, 'Central African Republic'),
(173, 47, 'Chad'),
(174, 48, 'Chile'),
(175, 49, 'China'),
(176, 50, 'Christmas Island'),
(177, 51, 'Clipperton Island'),
(178, 52, 'Cocos (Keeling) Islands'),
(179, 53, 'Colombia'),
(180, 54, 'Comoros'),
(181, 55, 'Democratic Republic of the Congo'),
(182, 56, 'Republic of the Congo'),
(183, 57, 'Cook Islands'),
(184, 58, 'Coral Sea Islands'),
(185, 59, 'Costa Rica'),
(186, 60, 'Cote d''Ivoire'),
(187, 61, 'Croatia'),
(188, 62, 'Cuba'),
(189, 63, 'Cyprus'),
(190, 64, 'Czech Republic'),
(191, 65, 'Denmark'),
(192, 67, 'Dominica'),
(193, 68, 'Dominican Republic'),
(194, 69, 'East Timor'),
(195, 70, 'Ecuador'),
(196, 71, 'Egypt'),
(197, 72, 'El Salvador'),
(198, 73, 'Equatorial Guinea'),
(199, 74, 'Eritrea'),
(200, 75, 'Estonia'),
(201, 76, 'Ethiopia'),
(202, 77, 'Europa Island'),
(203, 78, 'Falkland Islands (Islas Malvinas)'),
(204, 79, 'Faroe Islands'),
(205, 80, 'Fiji'),
(206, 81, 'Finland'),
(207, 82, 'France'),
(208, 83, 'Metropolitan France'),
(209, 84, 'French Guiana'),
(210, 85, 'French Polynesia'),
(211, 87, 'Gabon'),
(212, 88, 'The Gambia'),
(213, 89, 'Gaza Strip'),
(214, 90, 'Georgia'),
(215, 91, 'Germany'),
(216, 92, 'Ghana'),
(217, 93, 'Gibraltar'),
(218, 94, 'Glorioso Islands'),
(219, 95, 'Greece'),
(220, 96, 'Greenland'),
(221, 97, 'Grenada'),
(222, 98, 'Guadeloupe'),
(223, 99, 'Guam'),
(224, 101, 'Guernsey'),
(225, 102, 'Guinea'),
(226, 103, 'Guinea-Bissau'),
(227, 104, 'Guyana'),
(228, 105, 'Haiti'),
(229, 106, 'Heard Island and McDonald Islands'),
(230, 107, 'Holy See (Vatican City)'),
(231, 108, 'Honduras'),
(232, 109, 'Hong Kong (SAR)'),
(233, 110, 'Howland Island'),
(234, 111, 'Hungary'),
(235, 112, 'Iceland'),
(236, 113, 'India'),
(237, 114, 'Indonesia'),
(238, 115, 'Iran'),
(239, 116, 'Iraq'),
(240, 117, 'Ireland'),
(241, 118, 'Israel'),
(242, 119, 'Italy'),
(243, 120, 'Jamaica'),
(244, 121, 'Jan Mayen'),
(245, 122, 'Japan'),
(246, 123, 'Jarvis Island'),
(247, 124, 'Jersey'),
(248, 125, 'Johnston Atoll'),
(249, 126, 'Jordan'),
(250, 127, 'Juan de Nova Island'),
(251, 128, 'Kazakhstan'),
(252, 129, 'Kenya'),
(253, 130, 'Kingman Reef'),
(254, 131, 'Kiribati'),
(255, 132, 'North Korea'),
(256, 133, 'South Korea'),
(257, 134, 'Kuwait'),
(258, 135, 'Kyrgyzstan'),
(259, 136, 'Laos'),
(260, 137, 'Latvia'),
(261, 138, 'Lebanon'),
(262, 139, 'Lesotho'),
(263, 140, 'Liberia'),
(264, 141, 'Libya'),
(265, 142, 'Liechtenstein'),
(266, 143, 'Lithuania'),
(267, 145, 'Macao'),
(268, 146, 'The Former Yugoslav Republic of Macedonia'),
(269, 147, 'Madagascar'),
(270, 148, 'Malawi'),
(271, 149, 'Malaysia'),
(272, 150, 'Maldives'),
(273, 151, 'Mali'),
(274, 152, 'Malta'),
(275, 153, 'Isle of Man'),
(276, 154, 'Marshall Islands'),
(277, 155, 'Martinique'),
(278, 156, 'Mauritania'),
(279, 157, 'Mauritius'),
(280, 158, 'Mayotte'),
(281, 160, 'Federated States of Micronesia'),
(282, 161, 'Midway Islands'),
(283, 162, 'Miscellaneous (French)'),
(284, 163, 'Moldova'),
(285, 164, 'Monaco'),
(286, 165, 'Mongolia'),
(287, 166, 'Montenegro'),
(288, 167, 'Montserrat'),
(289, 168, 'Morocco'),
(290, 169, 'Mozambique'),
(291, 170, 'Myanmar'),
(292, 171, 'Namibia'),
(293, 172, 'Nauru'),
(294, 173, 'Navassa Island'),
(295, 174, 'Nepal'),
(296, 175, 'The Netherlands'),
(297, 176, 'Netherlands Antilles'),
(298, 177, 'New Caledonia'),
(299, 178, 'New Zealand'),
(300, 179, 'Nicaragua'),
(301, 180, 'Niger'),
(302, 181, 'Nigeria'),
(303, 182, 'Niue'),
(304, 183, 'Norfolk Island'),
(305, 184, 'Northern Mariana Islands'),
(306, 185, 'Norway'),
(307, 186, 'Oman'),
(308, 187, 'Pakistan'),
(309, 188, 'Palau'),
(310, 189, 'Palmyra Atoll'),
(311, 191, 'Papua New Guinea'),
(312, 192, 'Paracel Islands'),
(313, 193, 'Paraguay'),
(314, 194, 'Peru'),
(315, 195, 'Philippines'),
(316, 196, 'Pitcairn Islands'),
(317, 197, 'Poland'),
(318, 198, 'Portugal'),
(319, 199, 'Puerto Rico'),
(320, 200, 'Qatar'),
(321, 201, 'Réunion'),
(322, 202, 'Romania'),
(323, 203, 'Russia'),
(324, 204, 'Rwanda'),
(325, 206, 'Saint Kitts and Nevis'),
(326, 207, 'Saint Lucia'),
(327, 208, 'Saint Pierre and Miquelon'),
(328, 209, 'Saint Vincent and the Grenadines'),
(329, 210, 'Samoa'),
(330, 213, 'Saudi Arabia'),
(331, 214, 'Senegal'),
(332, 215, 'Serbia'),
(333, 216, 'Serbia and Montenegro'),
(334, 217, 'Seychelles'),
(335, 218, 'Sierra Leone'),
(336, 219, 'Singapore'),
(337, 220, 'Slovakia'),
(338, 221, 'Slovenia'),
(339, 222, 'Solomon Islands'),
(340, 223, 'Somalia'),
(341, 224, 'South Africa'),
(342, 226, 'Spain'),
(343, 227, 'Spratly Islands'),
(344, 228, 'Sri Lanka'),
(345, 229, 'Sudan'),
(346, 230, 'Suriname'),
(347, 231, 'Svalbard'),
(348, 232, 'Swaziland'),
(349, 233, 'Sweden'),
(350, 234, 'Switzerland'),
(351, 235, 'Syria'),
(352, 236, 'Taiwan'),
(353, 237, 'Tajikistan'),
(354, 238, 'Tanzania'),
(355, 239, 'Thailand'),
(356, 240, 'Togo'),
(357, 241, 'Tokelau'),
(358, 242, 'Tonga'),
(359, 243, 'Trinidad and Tobago'),
(360, 244, 'Tromelin Island'),
(361, 245, 'Tunisia'),
(362, 246, 'Turkey'),
(363, 247, 'Turkmenistan'),
(364, 248, 'Turks and Caicos Islands'),
(365, 249, 'Tuvalu'),
(366, 250, 'Uganda'),
(367, 251, 'Ukraine'),
(368, 252, 'United Arab Emirates'),
(369, 253, 'United Kingdom'),
(370, 254, 'United States'),
(371, 255, 'United States Minor Outlying Islands'),
(372, 256, 'Uruguay'),
(373, 257, 'Uzbekistan'),
(374, 258, 'Vanuatu'),
(375, 259, 'Venezuela'),
(376, 260, 'Vietnam'),
(377, 261, 'Virgin Islands'),
(378, 262, 'Virgin Islands (UK)'),
(379, 263, 'Virgin Islands (US)'),
(380, 264, 'Wake Island'),
(381, 265, 'Wallis and Futuna'),
(382, 266, 'West Bank'),
(383, 267, 'Western Sahara'),
(384, 268, 'Western Samoa'),
(385, 270, 'Yemen'),
(386, 272, 'Zaire'),
(387, 273, 'Zambia'),
(388, 274, 'Zimbabwe'),
(389, 43, 'Yukon Territory'),
(390, 9, 'Barbuda'),
(391, 9, 'Saint George'),
(392, 9, 'Saint John'),
(393, 9, 'Saint Mary'),
(394, 9, 'Saint Paul'),
(395, 9, 'Saint Peter'),
(396, 9, 'Saint Philip'),
(397, 276, 'Badakhshan'),
(398, 276, 'Badghis'),
(399, 276, 'Baghlan'),
(400, 276, 'Bamian'),
(401, 276, 'Farah'),
(402, 276, 'Faryab'),
(403, 276, 'Ghazni'),
(404, 276, 'Ghowr'),
(405, 276, 'Helmand'),
(406, 276, 'Herat'),
(407, 276, 'Kabol'),
(408, 276, 'Kapisa'),
(409, 276, 'Konar'),
(410, 276, 'Laghman'),
(411, 276, 'Lowgar'),
(412, 276, 'Nangarhar'),
(413, 276, 'Nimruz'),
(414, 276, 'Oruzgan'),
(415, 276, 'Paktia'),
(416, 276, 'Parvan'),
(417, 276, 'Kandahar'),
(418, 276, 'Kondoz'),
(419, 276, 'Takhar'),
(420, 276, 'Vardak'),
(421, 276, 'Zabol'),
(422, 276, 'Paktika'),
(423, 276, 'Balkh'),
(424, 276, 'Jowzjan'),
(425, 276, 'Samangan'),
(426, 276, 'Sare Pol'),
(427, 3, 'Alger'),
(428, 3, 'Batna'),
(429, 3, 'Constantine'),
(430, 3, 'Medea'),
(431, 3, 'Mostaganem'),
(432, 3, 'Oran'),
(433, 3, 'Saida'),
(434, 3, 'Setif'),
(435, 3, 'Tiaret'),
(436, 3, 'Tizi Ouzou'),
(437, 3, 'Tlemcen'),
(438, 3, 'Bejaia'),
(439, 3, 'Biskra'),
(440, 3, 'Blida'),
(441, 3, 'Bouira'),
(442, 3, 'Djelfa'),
(443, 3, 'Guelma'),
(444, 3, 'Jijel'),
(445, 3, 'Laghouat'),
(446, 3, 'Mascara'),
(447, 3, 'M''Sila'),
(448, 3, 'Oum el Bouaghi'),
(449, 3, 'Sidi Bel Abbes'),
(450, 3, 'Skikda'),
(451, 3, 'Tebessa'),
(452, 3, 'Adrar'),
(453, 3, 'Ain Defla'),
(454, 3, 'Ain Temouchent'),
(455, 3, 'Annaba'),
(456, 3, 'Bechar'),
(457, 3, 'Bordj Bou Arreridj'),
(458, 3, 'Boumerdes'),
(459, 3, 'Chlef'),
(460, 3, 'El Bayadh'),
(461, 3, 'El Oued'),
(462, 3, 'El Tarf'),
(463, 3, 'Ghardaia'),
(464, 3, 'Illizi'),
(465, 3, 'Khenchela'),
(466, 3, 'Mila'),
(467, 3, 'Naama'),
(468, 3, 'Ouargla'),
(469, 3, 'Relizane'),
(470, 3, 'Souk Ahras'),
(471, 3, 'Tamanghasset'),
(472, 3, 'Tindouf'),
(473, 3, 'Tipaza'),
(474, 3, 'Tissemsilt'),
(475, 16, 'Abseron'),
(476, 16, 'Agcabadi'),
(477, 16, 'Agdam'),
(478, 16, 'Agdas'),
(479, 16, 'Agstafa'),
(480, 16, 'Agsu'),
(481, 16, 'Ali Bayramli'),
(482, 16, 'Astara'),
(483, 16, 'Baki'),
(484, 16, 'Balakan'),
(485, 16, 'Barda'),
(486, 16, 'Beylaqan'),
(487, 16, 'Bilasuvar'),
(488, 16, 'Cabrayil'),
(489, 16, 'Calilabad'),
(490, 16, 'Daskasan'),
(491, 16, 'Davaci'),
(492, 16, 'Fuzuli'),
(493, 16, 'Gadabay'),
(494, 16, 'Ganca'),
(495, 16, 'Goranboy'),
(496, 16, 'Goycay'),
(497, 16, 'Haciqabul'),
(498, 16, 'Imisli'),
(499, 16, 'Ismayilli'),
(500, 16, 'Kalbacar'),
(501, 16, 'Kurdamir'),
(502, 16, 'Lacin'),
(503, 16, 'Lankaran'),
(504, 16, 'Lerik'),
(505, 16, 'Masalli'),
(506, 16, 'Mingacevir'),
(507, 16, 'Naftalan'),
(508, 16, 'Naxcivan'),
(509, 16, 'Neftcala'),
(510, 16, 'Oguz'),
(511, 16, 'Qabala'),
(512, 16, 'Qax'),
(513, 16, 'Qazax'),
(514, 16, 'Qobustan'),
(515, 16, 'Quba'),
(516, 16, 'Qubadli'),
(517, 16, 'Qusar'),
(518, 16, 'Saatli'),
(519, 16, 'Sabirabad'),
(520, 16, 'Saki'),
(521, 16, 'Salyan'),
(522, 16, 'Samaxi'),
(523, 16, 'Samkir'),
(524, 16, 'Samux'),
(525, 16, 'Siyazan'),
(526, 16, 'Sumqayit'),
(527, 16, 'Susa'),
(528, 16, 'Tartar'),
(529, 16, 'Tovuz'),
(530, 16, 'Ucar'),
(531, 16, 'Xacmaz'),
(532, 16, 'Xankandi'),
(533, 16, 'Xanlar'),
(534, 16, 'Xizi'),
(535, 16, 'Xocali'),
(536, 16, 'Xocavand'),
(537, 16, 'Yardimli'),
(538, 16, 'Yevlax'),
(539, 16, 'Zangilan'),
(540, 16, 'Zaqatala'),
(541, 16, 'Zardab'),
(542, 2, 'Berat'),
(543, 2, 'Diber'),
(544, 2, 'Durres'),
(545, 2, 'Elbasan'),
(546, 2, 'Fier'),
(547, 2, 'Gjirokaster'),
(548, 2, 'Gramsh'),
(549, 2, 'Kolonje'),
(550, 2, 'Korce'),
(551, 2, 'Kruje'),
(552, 2, 'Kukes'),
(553, 2, 'Lezhe'),
(554, 2, 'Librazhd'),
(555, 2, 'Lushnje'),
(556, 2, 'Mat'),
(557, 2, 'Mirdite'),
(558, 2, 'Permet'),
(559, 2, 'Pogradec'),
(560, 2, 'Puke'),
(561, 2, 'Sarande'),
(562, 2, 'Shkoder'),
(563, 2, 'Skrapar'),
(564, 2, 'Tepelene'),
(565, 2, 'Tropoje'),
(566, 2, 'Vlore'),
(567, 2, 'Tiran'),
(568, 2, 'Bulqize'),
(569, 2, 'Delvine'),
(570, 2, 'Devoll'),
(571, 2, 'Has'),
(572, 2, 'Kavaje'),
(573, 2, 'Kucove'),
(574, 2, 'Kurbin'),
(575, 2, 'Malesi e Madhe'),
(576, 2, 'Mallakaster'),
(577, 2, 'Peqin'),
(578, 2, 'Tirane'),
(579, 11, 'Aragatsotn'),
(580, 11, 'Ararat'),
(581, 11, 'Armavir'),
(582, 11, 'Geghark''unik'''),
(583, 11, 'Kotayk'''),
(584, 11, 'Lorri'),
(585, 11, 'Shirak'),
(586, 11, 'Syunik'''),
(587, 11, 'Tavush'),
(588, 11, 'Vayots'' Dzor'),
(589, 11, 'Yerevan'),
(590, 5, 'Andorra la Vella'),
(591, 5, 'Canillo'),
(592, 5, 'Encamp'),
(593, 5, 'La Massana'),
(594, 5, 'Ordino'),
(595, 5, 'Sant Julia de Loria'),
(596, 6, 'Benguela'),
(597, 6, 'Bie'),
(598, 6, 'Cabinda'),
(599, 6, 'Cuando Cubango'),
(600, 6, 'Cuanza Norte'),
(601, 6, 'Cuanza Sul'),
(602, 6, 'Cunene'),
(603, 6, 'Huambo'),
(604, 6, 'Huila'),
(605, 6, 'Luanda'),
(606, 6, 'Malanje'),
(607, 6, 'Namibe'),
(608, 6, 'Moxico'),
(609, 6, 'Uige'),
(610, 6, 'Zaire'),
(611, 6, 'Lunda Norte'),
(612, 6, 'Lunda Sul'),
(613, 6, 'Bengo'),
(614, 10, 'Buenos Aires'),
(615, 10, 'Catamarca'),
(616, 10, 'Chaco'),
(617, 10, 'Chubut'),
(618, 10, 'Cordoba'),
(619, 10, 'Corrientes'),
(620, 10, 'Distrito Federal'),
(621, 10, 'Entre Rios'),
(622, 10, 'Formosa'),
(623, 10, 'Jujuy'),
(624, 10, 'La Pampa'),
(625, 10, 'La Rioja'),
(626, 10, 'Mendoza'),
(627, 10, 'Misiones'),
(628, 10, 'Neuquen'),
(629, 10, 'Rio Negro'),
(630, 10, 'Salta'),
(631, 10, 'San Juan'),
(632, 10, 'San Luis'),
(633, 10, 'Santa Cruz'),
(634, 10, 'Santa Fe'),
(635, 10, 'Santiago del Estero'),
(636, 10, 'Antartida e Islas del Atlan Tierra del Fuego'),
(637, 10, 'Tucuman'),
(638, 15, 'Burgenland'),
(639, 15, 'Karnten'),
(640, 15, 'Niederosterreich'),
(641, 15, 'Oberosterreich'),
(642, 15, 'Salzburg'),
(643, 15, 'Steiermark'),
(644, 15, 'Tirol'),
(645, 15, 'Vorarlberg'),
(646, 15, 'Wien'),
(647, 18, 'Al Hadd'),
(648, 18, 'Al Manamah'),
(649, 18, 'Al Muharraq'),
(650, 18, 'Jidd Hafs'),
(651, 18, 'Sitrah'),
(652, 18, 'Al Mintaqah al Gharbiyah'),
(653, 18, 'Mintaqat Juzur Hawar'),
(654, 18, 'Al Mintaqah ash Shamaliyah'),
(655, 18, 'Al Mintaqah al Wusta'),
(656, 18, 'Madinat Isa'),
(657, 18, 'Madinat Hamad'),
(658, 21, 'Christ Church'),
(659, 21, 'Saint Andrew'),
(660, 21, 'Saint George'),
(661, 21, 'Saint James'),
(662, 21, 'Saint John'),
(663, 21, 'Saint Joseph'),
(664, 21, 'Saint Lucy'),
(665, 21, 'Saint Michael'),
(666, 21, 'Saint Peter'),
(667, 21, 'Saint Philip'),
(668, 21, 'Saint Thomas'),
(669, 31, 'Central'),
(670, 31, 'Chobe'),
(671, 31, 'Ghanzi'),
(672, 31, 'Kgalagadi'),
(673, 31, 'Kgatleng'),
(674, 31, 'Kweneng'),
(675, 31, 'Ngamiland'),
(676, 31, 'NorthEast'),
(677, 31, 'SouthEast'),
(678, 31, 'Southern'),
(679, 27, 'Devonshire'),
(680, 27, 'Hamilton Municipality'),
(681, 27, 'Paget'),
(682, 27, 'Pembroke'),
(683, 27, 'Saint George'),
(684, 27, 'Saint George''s'),
(685, 27, 'Sandys'),
(686, 27, 'Smiths'),
(687, 27, 'Southampton'),
(688, 27, 'Warwick'),
(689, 24, 'Antwerpen'),
(690, 24, 'Hainaut'),
(691, 24, 'Liege'),
(692, 24, 'Limburg'),
(693, 24, 'Luxembourg'),
(694, 24, 'Namur'),
(695, 24, 'Oost-Vlaanderen'),
(696, 24, 'West-Vlaanderen'),
(697, 17, 'Bimini'),
(698, 17, 'Cat Island'),
(699, 17, 'Exuma'),
(700, 17, 'Inagua'),
(701, 17, 'Long Island'),
(702, 17, 'Mayaguana'),
(703, 17, 'Ragged Island'),
(704, 17, 'Harbour Island'),
(705, 17, 'New Providence'),
(706, 17, 'Acklins and Crooked Islands'),
(707, 17, 'Freeport'),
(708, 17, 'Fresh Creek'),
(709, 17, 'Governor''s Harbour'),
(710, 17, 'Green Turtle Cay'),
(711, 17, 'High Rock'),
(712, 17, 'Kemps Bay'),
(713, 17, 'Marsh Harbour'),
(714, 17, 'Nichollstown and Berry Islands'),
(715, 17, 'Rock Sound'),
(716, 17, 'Sandy Point'),
(717, 17, 'San Salvador and Rum Cay'),
(718, 20, 'Chittagong'),
(719, 20, 'Dhaka'),
(720, 20, 'Khulna'),
(721, 20, 'Rajshahi'),
(722, 25, 'Belize'),
(723, 25, 'Cayo'),
(724, 25, 'Corozal'),
(725, 25, 'Orange Walk'),
(726, 25, 'Stann Creek'),
(727, 25, 'Toledo'),
(728, 29, 'Chuquisaca'),
(729, 29, 'Cochabamba'),
(730, 29, 'El Beni'),
(731, 29, 'La Paz'),
(732, 29, 'Oruro'),
(733, 29, 'Pando'),
(734, 29, 'Potosi'),
(735, 29, 'Santa Cruz'),
(736, 29, 'Tarija'),
(737, 39, 'Rakhine State'),
(738, 39, 'Chin State'),
(739, 39, 'Ayeyarwady'),
(740, 39, 'Kachin State'),
(741, 39, 'Kayin State'),
(742, 39, 'Kayah State'),
(743, 39, 'Mandalay'),
(744, 39, 'Sagaing'),
(745, 39, 'Shan State'),
(746, 39, 'Tanintharyi'),
(747, 39, 'Mon State'),
(748, 39, 'Magway'),
(749, 39, 'Bago'),
(750, 39, 'Yangon'),
(751, 26, 'Atakora'),
(752, 26, 'Atlantique'),
(753, 26, 'Borgou'),
(754, 26, 'Mono'),
(755, 26, 'Oueme'),
(756, 26, 'Zou'),
(757, 23, 'Brestskaya Voblasts'''),
(758, 23, 'Homyel''skaya Voblasts'''),
(759, 23, 'Hrodzyenskaya Voblasts'''),
(760, 23, 'Minsk'),
(761, 23, 'Minskaya Voblasts'''),
(762, 23, 'Mahilyowskaya Voblasts'''),
(763, 23, 'Vitsyebskaya Voblasts'''),
(764, 222, 'Malaita'),
(765, 222, 'Western'),
(766, 222, 'Central'),
(767, 222, 'Guadalcanal'),
(768, 222, 'Isabel'),
(769, 222, 'Makira'),
(770, 222, 'Temotu'),
(771, 33, 'Distrito Federal'),
(772, 33, 'Paro'),
(773, 33, 'Pernambuco'),
(774, 28, 'Bumthang'),
(775, 28, 'Chhukha'),
(776, 28, 'Chirang'),
(777, 28, 'Daga'),
(778, 28, 'Geylegphug'),
(779, 28, 'Ha'),
(780, 28, 'Lhuntshi'),
(781, 28, 'Mongar'),
(782, 28, 'Paro'),
(783, 28, 'Pemagatsel'),
(784, 28, 'Punakha'),
(785, 28, 'Samchi'),
(786, 28, 'Samdrup'),
(787, 28, 'Shemgang'),
(788, 28, 'Tashigang'),
(789, 28, 'Thimphu'),
(790, 28, 'Tongsa'),
(791, 28, 'Wangdi Phodrang'),
(792, 37, 'Burgas'),
(793, 37, 'Sofiya-Grad'),
(794, 37, 'Khaskovo'),
(795, 37, 'Lovech'),
(796, 37, 'Montana'),
(797, 37, 'Plovdiv'),
(798, 37, 'Razgrad'),
(799, 37, 'Sofiya'),
(800, 37, 'Varna'),
(801, 36, 'Belait'),
(802, 36, 'Brunei and Muara'),
(803, 36, 'Temburong'),
(804, 36, 'Tutong'),
(805, 40, 'Bujumbura'),
(806, 40, 'Muramvya'),
(807, 40, 'Bubanza'),
(808, 40, 'Bururi'),
(809, 40, 'Cankuzo'),
(810, 40, 'Cibitoke'),
(811, 40, 'Gitega'),
(812, 40, 'Karuzi'),
(813, 40, 'Kayanza'),
(814, 40, 'Kirundo'),
(815, 40, 'Makamba'),
(816, 40, 'Muyinga'),
(817, 40, 'Ngozi'),
(818, 40, 'Rutana'),
(819, 40, 'Ruyigi'),
(820, 41, 'Batdambang'),
(821, 41, 'Kampong Cham'),
(822, 41, 'Kampong Chhnang'),
(823, 41, 'Kampong Spoe'),
(824, 41, 'Kampong Thum'),
(825, 41, 'Kampot'),
(826, 41, 'Kandal'),
(827, 41, 'Kaoh Kong'),
(828, 41, 'Krachen'),
(829, 41, 'Mondol Kiri'),
(830, 41, 'Phnum Penh'),
(831, 41, 'Pouthisat'),
(832, 41, 'Preah Vihear'),
(833, 41, 'Prey Veng'),
(834, 41, 'Stoeng Treng'),
(835, 41, 'Svay Rieng'),
(836, 41, 'Takev'),
(837, 41, 'Rotanah Kiri'),
(838, 41, 'Siem Reab'),
(839, 41, 'Banteay Mean Cheay'),
(840, 41, 'Keb'),
(841, 41, 'Otdar Mean Cheay'),
(842, 41, 'Preah Seihanu'),
(843, 47, 'Batha'),
(844, 47, 'Biltine'),
(845, 47, 'Borkou-Ennedi-Tibesti'),
(846, 47, 'ChariBaguirmi'),
(847, 47, 'Guera'),
(848, 47, 'Kanem'),
(849, 47, 'Lac'),
(850, 47, 'Logone Occidental'),
(851, 47, 'Logone Oriental'),
(852, 47, 'Mayo-Kebbi'),
(853, 47, 'Moyen-Chari'),
(854, 47, 'Ouaddai'),
(855, 47, 'Salamat'),
(856, 47, 'Tandjile'),
(857, 228, 'Central'),
(858, 228, 'North Central'),
(859, 228, 'North Eastern'),
(860, 228, 'North Western'),
(861, 228, 'Sabaragamuwa'),
(862, 228, 'Southern'),
(863, 228, 'Uva'),
(864, 228, 'Western'),
(865, 56, 'Bouenza'),
(866, 56, 'Cuvette'),
(867, 56, 'Kouilou'),
(868, 56, 'Lekoumou'),
(869, 56, 'Likouala'),
(870, 56, 'Niari'),
(871, 56, 'Plateaux'),
(872, 56, 'Sangha'),
(873, 56, 'Pool'),
(874, 56, 'Brazzaville'),
(875, 55, 'Bandundu'),
(876, 55, 'Equateur'),
(877, 55, 'Kasai-Occidental'),
(878, 55, 'Kasai-Oriental'),
(879, 55, 'Katanga'),
(880, 55, 'Kinshasa'),
(881, 55, 'Bas-Congo'),
(882, 55, 'Orientale'),
(883, 49, 'Anhui'),
(884, 49, 'Zhejiang'),
(885, 49, 'Jiangxi'),
(886, 49, 'Jiangsu'),
(887, 49, 'Jilin'),
(888, 49, 'Qinghai'),
(889, 49, 'Fujian'),
(890, 49, 'Heilongjiang'),
(891, 49, 'Henan'),
(892, 49, 'Hebei'),
(893, 49, 'Hunan'),
(894, 49, 'Hubei'),
(895, 49, 'Xinjiang'),
(896, 49, 'Xizang'),
(897, 49, 'Gansu'),
(898, 49, 'Guangxi'),
(899, 49, 'Guizhou'),
(900, 49, 'Liaoning'),
(901, 49, 'Nei Mongol'),
(902, 49, 'Ningxia'),
(903, 49, 'Beijing'),
(904, 49, 'Shanghai'),
(905, 49, 'Shanxi'),
(906, 49, 'Shandong'),
(907, 49, 'Shaanxi'),
(908, 49, 'Sichuan'),
(909, 49, 'Tianjin'),
(910, 49, 'Yunnan'),
(911, 49, 'Guangdong'),
(912, 49, 'Hainan'),
(913, 49, 'Chongqing'),
(914, 48, 'Valparaiso'),
(915, 48, 'Aisen del General Carlos Ibanez del Campo'),
(916, 48, 'Antofagasta'),
(917, 48, 'Araucania'),
(918, 48, 'Atacama'),
(919, 48, 'Bio-Bio'),
(920, 48, 'Coquimbo'),
(921, 48, 'Libertador General Bernardo O''Higgins'),
(922, 48, 'Los Lagos'),
(923, 48, 'Magallanes y de la Antartica Chilena'),
(924, 48, 'Maule'),
(925, 48, 'Region Metropolitana'),
(926, 48, 'Tarapaca'),
(927, 45, 'Creek'),
(928, 45, 'Eastern'),
(929, 45, 'Midland'),
(930, 45, 'South Town'),
(931, 45, 'Spot Bay'),
(932, 45, 'Stake Bay'),
(933, 45, 'West End'),
(934, 45, 'Western'),
(935, 42, 'Est'),
(936, 42, 'Littoral'),
(937, 42, 'NordOuest'),
(938, 42, 'Ouest'),
(939, 42, 'SudOuest'),
(940, 42, 'Adamaoua'),
(941, 42, 'Centre'),
(942, 42, 'ExtremeNord'),
(943, 42, 'Nord'),
(944, 42, 'Sud'),
(945, 54, 'Anjouan'),
(946, 54, 'Grande Comore'),
(947, 54, 'Moheli'),
(948, 53, 'Amazonas'),
(949, 53, 'Antioquia'),
(950, 53, 'Arauca'),
(951, 53, 'Atlantico'),
(952, 53, 'Caqueta'),
(953, 53, 'Cauca'),
(954, 53, 'Cesar'),
(955, 53, 'Choco'),
(956, 53, 'Cordoba'),
(957, 53, 'Guaviare'),
(958, 53, 'Guainia'),
(959, 53, 'Huila'),
(960, 53, 'La Guajira'),
(961, 53, 'Meta'),
(962, 53, 'Narino'),
(963, 53, 'Norte de Santander'),
(964, 53, 'Putumayo'),
(965, 53, 'Quindio'),
(966, 53, 'Risaralda'),
(967, 53, 'San Andres y Providencia'),
(968, 53, 'Santander'),
(969, 53, 'Sucre'),
(970, 53, 'Tolima'),
(971, 53, 'Valle del Cauca'),
(972, 53, 'Vaupes'),
(973, 53, 'Vichada'),
(974, 53, 'Casanare'),
(975, 53, 'Cundinamarca'),
(976, 53, 'Distrito Capital'),
(977, 53, 'Bolivar'),
(978, 53, 'Boyaca'),
(979, 53, 'Caldas'),
(980, 53, 'Magdalena'),
(981, 59, 'Alajuela'),
(982, 59, 'Cartago'),
(983, 59, 'Guanacaste'),
(984, 59, 'Heredia'),
(985, 59, 'Limon'),
(986, 59, 'Puntarenas'),
(987, 59, 'San Jose'),
(988, 46, 'Bamingui-Bangoran'),
(989, 46, 'Basse-Kotto'),
(990, 46, 'Haute-Kotto'),
(991, 46, 'Haute-Sangha'),
(992, 46, 'Haut-Mbomou'),
(993, 46, 'Kemo-Gribingui'),
(994, 46, 'Lobaye'),
(995, 46, 'Mbomou'),
(996, 46, 'Nana-Mambere'),
(997, 46, 'Ouaka'),
(998, 46, 'Ouham'),
(999, 46, 'Ouham-Pende'),
(1000, 46, 'Vakaga'),
(1001, 46, 'Gribingui'),
(1002, 46, 'Sangha'),
(1003, 46, 'Ombella-Mpoko'),
(1004, 46, 'Bangui'),
(1005, 62, 'Pinar del Rio'),
(1006, 62, 'Ciudad de La Habana'),
(1007, 62, 'Matanzas'),
(1008, 62, 'Isla de la Juventud'),
(1009, 62, 'Camaguey'),
(1010, 62, 'Ciego de Avila'),
(1011, 62, 'Cienfuegos'),
(1012, 62, 'Granma'),
(1013, 62, 'Guantanamo'),
(1014, 62, 'La Habana'),
(1015, 62, 'Holguin'),
(1016, 62, 'Las Tunas'),
(1017, 62, 'Sancti Spiritus'),
(1018, 62, 'Santiago de Cuba'),
(1019, 62, 'Villa Clara'),
(1020, 44, 'Boa Vista'),
(1021, 44, 'Brava'),
(1022, 44, 'Calheta de São Miguel'),
(1023, 44, 'Maio'),
(1024, 44, 'Paul'),
(1025, 44, 'Praia'),
(1026, 44, 'Ribeira Grande'),
(1027, 44, 'Sal'),
(1028, 44, 'Santa Catarina'),
(1029, 44, 'Sao Nicolau'),
(1030, 44, 'Sao Vicente'),
(1031, 44, 'Tarrafal'),
(1032, 63, 'Famagusta'),
(1033, 63, 'Kyrenia'),
(1034, 63, 'Larnaca'),
(1035, 63, 'Nicosia'),
(1036, 63, 'Limassol'),
(1037, 63, 'Paphos'),
(1038, 65, 'Arhus'),
(1039, 65, 'Bornholm'),
(1040, 65, 'Frederiksborg'),
(1041, 65, 'Fyn'),
(1042, 65, 'Kobenhavn'),
(1043, 65, 'Nordjylland'),
(1044, 65, 'Ribe'),
(1045, 65, 'Ringkobing'),
(1046, 65, 'Roskilde'),
(1047, 65, 'Sonderjylland'),
(1048, 65, 'Storstrom'),
(1049, 65, 'Vejle'),
(1050, 65, 'Vestsjalland'),
(1051, 65, 'Viborg'),
(1052, 65, 'Fredericksberg'),
(1053, 66, '''Ali Sabih'),
(1054, 66, 'Dikhil'),
(1055, 66, 'Djibouti'),
(1056, 66, 'Obock'),
(1057, 66, 'Tadjoura'),
(1058, 67, 'Saint Andrew'),
(1059, 67, 'Saint David'),
(1060, 67, 'Saint George'),
(1061, 67, 'Saint John'),
(1062, 67, 'Saint Joseph'),
(1063, 67, 'Saint Luke'),
(1064, 67, 'Saint Mark'),
(1065, 67, 'Saint Patrick'),
(1066, 67, 'Saint Paul'),
(1067, 67, 'Saint Peter'),
(1068, 68, 'Azua'),
(1069, 68, 'Baoruco'),
(1070, 68, 'Barahona'),
(1071, 68, 'Dajabon'),
(1072, 68, 'Distrito Nacional'),
(1073, 68, 'Duarte'),
(1074, 68, 'Espaillat'),
(1075, 68, 'Independencia'),
(1076, 68, 'La Altagracia'),
(1077, 68, 'Elias Pina'),
(1078, 68, 'La Romana'),
(1079, 68, 'Maria Trinidad Sanchez'),
(1080, 68, 'Monte Cristi'),
(1081, 68, 'Pedernales'),
(1082, 68, 'Peravia'),
(1083, 68, 'Puerto Plata'),
(1084, 68, 'Salcedo'),
(1085, 68, 'Samana'),
(1086, 68, 'Sanchez Ramirez'),
(1087, 68, 'San Juan'),
(1088, 68, 'San Pedro de Macoris'),
(1089, 68, 'Santiago'),
(1090, 68, 'Santiago Rodriguez'),
(1091, 68, 'Valverde'),
(1092, 68, 'El Seibo'),
(1093, 68, 'Hato Mayor'),
(1094, 68, 'La Vega'),
(1095, 68, 'Monsenor Nouel'),
(1096, 68, 'Monte Plata'),
(1097, 68, 'San Cristobal'),
(1098, 70, 'Galapagos'),
(1099, 70, 'Azuay'),
(1100, 70, 'Bolivar'),
(1101, 70, 'Canar'),
(1102, 70, 'Carchi'),
(1103, 70, 'Chimborazo'),
(1104, 70, 'Cotopaxi'),
(1105, 70, 'El Oro'),
(1106, 70, 'Esmeraldas'),
(1107, 70, 'Guayas'),
(1108, 70, 'Imbabura'),
(1109, 70, 'Loja'),
(1110, 70, 'Los Rios'),
(1111, 70, 'Manabi'),
(1112, 70, 'Morona-Santiago'),
(1113, 70, 'Pastaza'),
(1114, 70, 'Pichincha'),
(1115, 70, 'Tungurahua'),
(1116, 70, 'Zamora-Chinchipe'),
(1117, 70, 'Napo'),
(1118, 70, 'Sucumbios'),
(1119, 71, 'Ad Daqahliyah'),
(1120, 71, 'Al Bahr al Ahmar'),
(1121, 71, 'Al Buhayrah'),
(1122, 71, 'Al Fayyum'),
(1123, 71, 'Al Gharbiyah'),
(1124, 71, 'Al Iskandariyah'),
(1125, 71, 'Al Isma''iliyah'),
(1126, 71, 'Al Jizah'),
(1127, 71, 'Al Minufiyah'),
(1128, 71, 'Al Minya'),
(1129, 71, 'Al Qahirah'),
(1130, 71, 'Al Qaly¯biyah'),
(1131, 71, 'Al Wadi al Jadid'),
(1132, 71, 'Ash Sharqiyah'),
(1133, 71, 'As Suways'),
(1134, 71, 'Aswan'),
(1135, 71, 'Asyut'),
(1136, 71, 'Bani Suwayf'),
(1137, 71, 'Bur Sa''id'),
(1138, 71, 'Dumyat'),
(1139, 71, 'Kafr ash Shaykh'),
(1140, 71, 'Matruh'),
(1141, 71, 'Qina'),
(1142, 71, 'Suhaj'),
(1143, 71, 'Janub Sina'''),
(1144, 71, 'Shamal Sina'''),
(1145, 117, 'Carlow'),
(1146, 117, 'Cavan'),
(1147, 117, 'Clare'),
(1148, 117, 'Cork'),
(1149, 117, 'Donegal'),
(1150, 117, 'Dublin'),
(1151, 117, 'Galway'),
(1152, 117, 'Kerry'),
(1153, 117, 'Kildare'),
(1154, 117, 'Kilkenny'),
(1155, 117, 'Leitrim'),
(1156, 117, 'Laois'),
(1157, 117, 'Limerick'),
(1158, 117, 'Longford'),
(1159, 117, 'Louth'),
(1160, 117, 'Mayo'),
(1161, 117, 'Meath'),
(1162, 117, 'Monaghan'),
(1163, 117, 'Offaly'),
(1164, 117, 'Roscommon'),
(1165, 117, 'Sligo'),
(1166, 117, 'Tipperary'),
(1167, 117, 'Waterford'),
(1168, 117, 'Westmeath'),
(1169, 117, 'Wexford'),
(1170, 117, 'Wicklow'),
(1171, 73, 'Annobon'),
(1172, 73, 'Bioko Norte'),
(1173, 73, 'Bioko Sur'),
(1174, 73, 'Centro Sur'),
(1175, 73, 'Kie-Ntem'),
(1176, 73, 'Litoral'),
(1177, 73, 'Wele-Nzas'),
(1178, 75, 'Harjumaa'),
(1179, 75, 'Hiiumaa'),
(1180, 75, 'Ida-Virumaa'),
(1181, 75, 'Jarvamaa'),
(1182, 75, 'Jogevamaa'),
(1183, 75, 'Laanemaa'),
(1184, 75, 'Laane-Virumaa'),
(1185, 75, 'Parnumaa'),
(1186, 75, 'Polvamaa'),
(1187, 75, 'Raplamaa'),
(1188, 75, 'Saaremaa'),
(1189, 75, 'Tartumaa'),
(1190, 75, 'Valgamaa'),
(1191, 75, 'Viljandimaa'),
(1192, 75, 'Vorumaa'),
(1193, 72, 'Ahuachapan'),
(1194, 72, 'Cabanas'),
(1195, 72, 'Chalatenango'),
(1196, 72, 'Cuscatlan'),
(1197, 72, 'La Libertad'),
(1198, 72, 'La Paz'),
(1199, 72, 'La Union'),
(1200, 72, 'Morazan'),
(1201, 72, 'San Miguel'),
(1202, 72, 'San Salvador'),
(1203, 72, 'Santa Ana'),
(1204, 72, 'San Vicente'),
(1205, 72, 'Sonsonate'),
(1206, 72, 'Usulutan'),
(1207, 76, 'Harari People'),
(1208, 76, 'Gambela Peoples'),
(1209, 76, 'Benshangul-Gumaz'),
(1210, 76, 'Tigray'),
(1211, 76, 'Amhara'),
(1212, 76, 'Afar'),
(1213, 76, 'Oromia'),
(1214, 76, 'Somali'),
(1215, 76, 'Addis Ababa'),
(1216, 76, 'Southern Nations'),
(1217, 64, 'Hlavni Mesto Praha'),
(1218, 81, 'Ahvenanmaa'),
(1219, 81, 'Lappi'),
(1220, 81, 'Oulu Laani'),
(1221, 80, 'Central'),
(1222, 80, 'Eastern'),
(1223, 80, 'Northern'),
(1224, 80, 'Rotuma'),
(1225, 80, 'Western'),
(1226, 160, 'Kosrae'),
(1227, 160, 'Pohnpei'),
(1228, 160, 'Chuuk'),
(1229, 160, 'Yap'),
(1230, 82, 'Aquitaine'),
(1231, 82, 'Auvergne'),
(1232, 82, 'Basse-Normandie'),
(1233, 82, 'Bourgogne'),
(1234, 82, 'Bretagne'),
(1235, 82, 'Centre'),
(1236, 82, 'Champagne-Ardenne'),
(1237, 82, 'Corse'),
(1238, 82, 'Franche-Comte'),
(1239, 82, 'Haute-Normandie'),
(1240, 82, 'Ile-De-France'),
(1241, 82, 'Languedoc-Roussillon'),
(1242, 82, 'Limousin'),
(1243, 82, 'Lorraine'),
(1244, 82, 'Midi-Pyrenees'),
(1245, 82, 'Nord-Pas-de-Calais'),
(1246, 82, 'Pays de la Loire'),
(1247, 82, 'Picardie'),
(1248, 82, 'Poitou-Charentes'),
(1249, 82, 'Provence-Alpes-Cote d''Azur'),
(1250, 82, 'Rhone-Alpes'),
(1251, 82, 'Alsace'),
(1252, 88, 'Banjul'),
(1253, 88, 'Lower River'),
(1254, 88, 'MacCarthy Island'),
(1255, 88, 'Upper River'),
(1256, 88, 'Western'),
(1257, 88, 'North Bank'),
(1258, 87, 'Estuaire'),
(1259, 87, 'Haut-Ogooue'),
(1260, 87, 'Moyen-Ogooue'),
(1261, 87, 'Ngounie'),
(1262, 87, 'Nyanga'),
(1263, 87, 'Ogooue-Ivindo'),
(1264, 87, 'Ogooue-Lolo'),
(1265, 87, 'Ogooue-Maritime'),
(1266, 87, 'Woleu-Ntem'),
(1267, 90, 'Abkhazia'),
(1268, 90, 'Ajaria'),
(1269, 90, 'T''bilisi'),
(1270, 92, 'Greater Accra'),
(1271, 92, 'Ashanti'),
(1272, 92, 'Brong-Ahafo'),
(1273, 92, 'Central'),
(1274, 92, 'Eastern'),
(1275, 92, 'Northern'),
(1276, 92, 'Volta'),
(1277, 92, 'Western'),
(1278, 92, 'Upper East'),
(1279, 92, 'Upper West'),
(1280, 97, 'Saint Andrew'),
(1281, 97, 'Saint David'),
(1282, 97, 'Saint George'),
(1283, 97, 'Saint John'),
(1284, 97, 'Saint Mark'),
(1285, 97, 'Saint Patrick'),
(1286, 96, 'Nordgronland'),
(1287, 96, 'Ostgronland'),
(1288, 96, 'Vestgronland'),
(1289, 91, 'Baden-Wurttemberg'),
(1290, 91, 'Bayern'),
(1291, 91, 'Bremen'),
(1292, 91, 'Hamburg'),
(1293, 91, 'Hessen'),
(1294, 91, 'Niedersachsen'),
(1295, 91, 'Nordrhein-Westfalen'),
(1296, 91, 'Rheinland-Pfalz'),
(1297, 91, 'Saarland'),
(1298, 91, 'Schleswig-Holstein'),
(1299, 91, 'Brandenburg'),
(1300, 91, 'Mecklenburg-Vorpommern'),
(1301, 91, 'Sachsen'),
(1302, 91, 'Sachsen-Anhalt'),
(1303, 91, 'Thuringen'),
(1304, 91, 'Berlin'),
(1305, 95, 'Evros'),
(1306, 95, 'Rodhopi'),
(1307, 95, 'Xanthi'),
(1308, 95, 'Drama'),
(1309, 95, 'Serrai'),
(1310, 95, 'Kilkis'),
(1311, 95, 'Pella'),
(1312, 95, 'Florina'),
(1313, 95, 'Kastoria'),
(1314, 95, 'Grevena'),
(1315, 95, 'Kozani'),
(1316, 95, 'Imathia'),
(1317, 95, 'Thessaloniki'),
(1318, 95, 'Kavala'),
(1319, 95, 'Khalkidhiki'),
(1320, 95, 'Pieria'),
(1321, 95, 'Ioannina'),
(1322, 95, 'Thesprotia'),
(1323, 95, 'Preveza'),
(1324, 95, 'Arta'),
(1325, 95, 'Larisa'),
(1326, 95, 'Trikala'),
(1327, 95, 'Kardhitsa'),
(1328, 95, 'Magnisia'),
(1329, 95, 'Kerkira'),
(1330, 95, 'Levkas'),
(1331, 95, 'Kefallinia'),
(1332, 95, 'Zakinthos'),
(1333, 95, 'Fthiotis'),
(1334, 95, 'Evritania'),
(1335, 95, 'Aitolia kai Akarnania'),
(1336, 95, 'Fokis'),
(1337, 95, 'Voiotia'),
(1338, 95, 'Evvoia'),
(1339, 95, 'Attiki'),
(1340, 95, 'Argolis'),
(1341, 95, 'Korinthia'),
(1342, 95, 'Akhaia'),
(1343, 95, 'Ilia'),
(1344, 95, 'Messinia'),
(1345, 95, 'Arkadhia'),
(1346, 95, 'Lakonia'),
(1347, 95, 'Khania'),
(1348, 95, 'Rethimni'),
(1349, 95, 'Iraklion (Crete)'),
(1350, 95, 'Lasithi'),
(1351, 95, 'Dhodhekanisos'),
(1352, 95, 'Samos'),
(1353, 95, 'Kikladhes'),
(1354, 95, 'Khios'),
(1355, 95, 'Lesvos'),
(1356, 100, 'Alta Verapaz'),
(1357, 100, 'Baja Verapaz'),
(1358, 100, 'Chimaltenango'),
(1359, 100, 'Chiquimula'),
(1360, 100, 'El Progreso'),
(1361, 100, 'Escuintla'),
(1362, 100, 'Guatemala'),
(1363, 100, 'Huehuetenango'),
(1364, 100, 'Izabal'),
(1365, 100, 'Jalapa'),
(1366, 100, 'Jutiapa'),
(1367, 100, 'Peten'),
(1368, 100, 'Quetzaltenango'),
(1369, 100, 'Quiche'),
(1370, 100, 'Retalhuleu'),
(1371, 100, 'Sacatepequez'),
(1372, 100, 'San Marcos'),
(1373, 100, 'Santa Rosa'),
(1374, 100, 'Solola'),
(1375, 100, 'Suchitepequez'),
(1376, 100, 'Totonicapan'),
(1377, 100, 'Zacapa'),
(1378, 102, 'Beyla'),
(1379, 102, 'Boffa'),
(1380, 102, 'Boke'),
(1381, 102, 'Conakry'),
(1382, 102, 'Dabola'),
(1383, 102, 'Dalaba'),
(1384, 102, 'Dinguiraye'),
(1385, 102, 'Dubreka'),
(1386, 102, 'Faranah'),
(1387, 102, 'Forecariah'),
(1388, 102, 'Fria'),
(1389, 102, 'Gaoual'),
(1390, 102, 'Gueckedou'),
(1391, 102, 'Kankan'),
(1392, 102, 'Kerouane'),
(1393, 102, 'Kindia'),
(1394, 102, 'Kissidougou'),
(1395, 102, 'Koundara'),
(1396, 102, 'Kouroussa'),
(1397, 102, 'Labe'),
(1398, 102, 'Macenta'),
(1399, 102, 'Mali'),
(1400, 102, 'Mamou'),
(1401, 102, 'Nzerekore'),
(1402, 102, 'Pita'),
(1403, 102, 'Siguiri'),
(1404, 102, 'Telimele'),
(1405, 102, 'Tougue'),
(1406, 102, 'Yomou'),
(1407, 104, 'Barima-Waini'),
(1408, 104, 'Cuyuni-Mazaruni'),
(1409, 104, 'Demerara-Mahaica'),
(1410, 104, 'East Berbice-Corentyne'),
(1411, 104, 'Essequibo Islands-West Demerara'),
(1412, 104, 'Mahaica-Berbice'),
(1413, 104, 'Pomeroon-Supenaam'),
(1414, 104, 'Potaro-Siparuni'),
(1415, 104, 'Upper Demerara-Berbice'),
(1416, 104, 'Upper Takutu-Upper Essequibo'),
(1417, 105, 'Nord-Ouest'),
(1418, 105, 'Artibonite'),
(1419, 105, 'Centre'),
(1420, 105, 'Grand''Anse'),
(1421, 105, 'Nord'),
(1422, 105, 'Nord-Est'),
(1423, 105, 'Ouest'),
(1424, 105, 'Sud'),
(1425, 105, 'Sud-Est'),
(1426, 108, 'Atlantida'),
(1427, 108, 'Choluteca'),
(1428, 108, 'Colon'),
(1429, 108, 'Comayagua'),
(1430, 108, 'Copan'),
(1431, 108, 'Cortes'),
(1432, 108, 'El Paraiso'),
(1433, 108, 'Francisco Morazan'),
(1434, 108, 'Gracias a Dios'),
(1435, 108, 'Intibuca'),
(1436, 108, 'Islas de la Bahia'),
(1437, 108, 'La Paz'),
(1438, 108, 'Lempira'),
(1439, 108, 'Ocotepeque'),
(1440, 108, 'Olancho'),
(1441, 108, 'Santa Barbara'),
(1442, 108, 'Valle'),
(1443, 108, 'Yoro'),
(1444, 111, 'Bacs-Kiskun'),
(1445, 111, 'Baranya'),
(1446, 111, 'Bekes'),
(1447, 111, 'Borsod-Abauj-Zemplen'),
(1448, 111, 'Budapest'),
(1449, 111, 'Csongrad'),
(1450, 111, 'Debrecen'),
(1451, 111, 'Fejer'),
(1452, 111, 'Gyor-Moson-Sopron'),
(1453, 111, 'Hajdu-Bihar'),
(1454, 111, 'Heves'),
(1455, 111, 'Komarom-Esztergom'),
(1456, 111, 'Miskolc'),
(1457, 111, 'Nograd'),
(1458, 111, 'Pees'),
(1459, 111, 'Pest'),
(1460, 111, 'Somogy'),
(1461, 111, 'Szabolcs-Szatmar-Bereg'),
(1462, 111, 'Szeged'),
(1463, 111, 'Jasz-Nagykun-Szolnok'),
(1464, 111, 'Tolna'),
(1465, 111, 'Vas'),
(1466, 111, 'Veszprem'),
(1467, 111, 'Zala'),
(1468, 111, 'Gyor'),
(1469, 111, 'Bekescsaba'),
(1470, 111, 'Dunaujvaros'),
(1471, 111, 'Eger'),
(1472, 111, 'Hodmezovasarhely'),
(1473, 111, 'Kaposvar'),
(1474, 111, 'Kecskemet'),
(1475, 111, 'Nagykanizsa'),
(1476, 111, 'Nyiregyhaza'),
(1477, 111, 'Sopron'),
(1478, 111, 'Szekesfehervar'),
(1479, 111, 'Szolnok'),
(1480, 111, 'Szombathely'),
(1481, 111, 'Tatabanya'),
(1482, 111, 'Zalaegerszeg'),
(1483, 112, 'Akranes'),
(1484, 112, 'Akureyri'),
(1485, 112, 'Arnessysla'),
(1486, 112, 'Austur-Bardastrandarsysla'),
(1487, 112, 'Austur-Hunavatnssysla'),
(1488, 112, 'Austur-Skaftafellssysla'),
(1489, 112, 'Borgarfjardarsysla'),
(1490, 112, 'Dalasysla'),
(1491, 112, 'Eyjafjardarsysla'),
(1492, 112, 'Gullbringusysla'),
(1493, 112, 'Hafnarfjordur'),
(1494, 112, 'Husavik'),
(1495, 112, 'Isafjordur'),
(1496, 112, 'Keflavik'),
(1497, 112, 'Kjosarsysla'),
(1498, 112, 'Kopavogur'),
(1499, 112, 'Myrasysla'),
(1500, 112, 'Neskaupstadur'),
(1501, 112, 'Nordur-Isafjardarsysla'),
(1502, 112, 'Nordur-Mulasysla'),
(1503, 112, 'Nordur-Tingeyjarsysla'),
(1504, 112, 'Olafsfjordur'),
(1505, 112, 'Rang·rvallasysla'),
(1506, 112, 'Reykjavik'),
(1507, 112, 'Saudarkrokur'),
(1508, 112, 'Seydisfjordur'),
(1509, 112, 'Siglufjordur'),
(1510, 112, 'Skagafjardarsysla'),
(1511, 112, 'Snafellsnes-og Hnappadalssysla'),
(1512, 112, 'Strandasysla'),
(1513, 112, 'Sudur-Mulasysla'),
(1514, 112, 'Sudur-Tingeyjarsysla'),
(1515, 112, 'Vestmannaeyjar'),
(1516, 112, 'Vestur-Bardastrandarsysla'),
(1517, 112, 'Vestur-Hunavatnssysla'),
(1518, 112, 'Vestur-Isafjardarsysla'),
(1519, 112, 'Vestur-Skaftafellssysla'),
(1520, 114, 'Aceh (Atjeh)'),
(1521, 114, 'Bengkulu'),
(1522, 114, 'Jakarta Raya (Djakarta Raya)'),
(1523, 114, 'Jambi (Djambi)'),
(1524, 114, 'Jawa Barat (Djawa Barat)'),
(1525, 114, 'Jawa Tengah (Djawa Tengah)'),
(1526, 114, 'Jawa Timur (Djawa Timur)'),
(1527, 114, 'Yogyakarta (Jogjakarta)'),
(1528, 114, 'Kalimantan Barat'),
(1529, 114, 'Kalimantan Selatan'),
(1530, 114, 'Kalimantan Tengah'),
(1531, 114, 'Kalimantan Timur'),
(1532, 114, 'Lampung'),
(1533, 114, 'Maluku'),
(1534, 114, 'Nusa Tenggara Barat'),
(1535, 114, 'Nusa Tenggara Timur'),
(1536, 114, 'Riau'),
(1537, 114, 'Sulawesi Selatan'),
(1538, 114, 'Sulawesi Tengah'),
(1539, 114, 'Sulawesi Tenggara'),
(1540, 114, 'Sulawesi Utara'),
(1541, 114, 'Sumatera Barat'),
(1542, 114, 'Sumatera Selatan'),
(1543, 114, 'Sumatera Utara'),
(1544, 113, 'Andaman and Nicobar Islands'),
(1545, 113, 'Andhra Pradesh'),
(1546, 113, 'Assam'),
(1547, 113, 'Bihar'),
(1548, 113, 'Chandigarh'),
(1549, 113, 'Dadra and Nagar Haveli'),
(1550, 113, 'Delhi'),
(1551, 113, 'Gujarat'),
(1552, 113, 'Haryana'),
(1553, 113, 'Himachal Pradesh'),
(1554, 113, 'Jammu and Kashmir'),
(1555, 113, 'Kerala'),
(1556, 113, 'Lakshadweep'),
(1557, 113, 'Madhya Pradesh'),
(1558, 113, 'Maharashtra'),
(1559, 113, 'Manipur'),
(1560, 113, 'Meghalaya'),
(1561, 113, 'Karnataka'),
(1562, 113, 'Nagaland'),
(1563, 113, 'Orissa'),
(1564, 113, 'Pondicherry'),
(1565, 113, 'Punjab'),
(1566, 113, 'Rajasthan'),
(1567, 113, 'Tamil Nadu'),
(1568, 113, 'Tripura'),
(1569, 113, 'Uttar Pradesh'),
(1570, 113, 'West Bengal'),
(1571, 113, 'Sikkim'),
(1572, 113, 'Arunachal Pradesh'),
(1573, 113, 'Mizoram'),
(1574, 113, 'Daman and Diu'),
(1575, 113, 'Goa'),
(1576, 115, 'Azarbayjan-e Gharbi'),
(1577, 115, 'Chahar Ma±all va Bakhtiari'),
(1578, 115, 'Sistan va Baluchestan'),
(1579, 115, 'Kohgiluyeh va Buyer Ahmad'),
(1580, 115, 'Fars'),
(1581, 115, 'Gilan'),
(1582, 115, 'Hamadan'),
(1583, 115, 'Ilam'),
(1584, 115, 'Hormozgan'),
(1585, 115, 'Kermanshah'),
(1586, 115, 'Khuzestan'),
(1587, 115, 'Kordestan'),
(1588, 115, 'Mazandaran'),
(1589, 115, 'Bushehr'),
(1590, 115, 'Lorestan'),
(1591, 115, 'Markazi'),
(1592, 115, 'Semnan'),
(1593, 115, 'Tehran'),
(1594, 115, 'Zanjan'),
(1595, 115, 'Esfahan'),
(1596, 115, 'Kerman'),
(1597, 115, 'Khorasan'),
(1598, 115, 'Yazd'),
(1599, 115, 'Ardabil'),
(1600, 115, 'Azarbayjan-e Sharqi'),
(1601, 118, 'HaDarom (Southern)'),
(1602, 118, 'HaMerkaz (Central)'),
(1603, 118, 'Haûafon  (Northern)'),
(1604, 118, 'Híefa  (Haifa)'),
(1605, 118, 'Tel Aviv'),
(1606, 118, 'Yerushalayim  (Jerusalem)'),
(1607, 119, 'Abruzzi'),
(1608, 119, 'Basilicata'),
(1609, 119, 'Calabria'),
(1610, 119, 'Campania'),
(1611, 119, 'Emilia-Romagna'),
(1612, 119, 'Friuli-Venezia Giulia'),
(1613, 119, 'Lazio'),
(1614, 119, 'Liguria'),
(1615, 119, 'Lombardia'),
(1616, 119, 'Marche'),
(1617, 119, 'Molise'),
(1618, 119, 'Piemonte'),
(1619, 119, 'Puglia'),
(1620, 119, 'Sardegna'),
(1621, 119, 'Sicilia'),
(1622, 119, 'Toscana'),
(1623, 119, 'Trentino-Alto Adige'),
(1624, 119, 'Umbria'),
(1625, 119, 'Valle d''Aosta'),
(1626, 119, 'Veneto'),
(1627, 60, 'Dabakala'),
(1628, 60, 'Aboisso'),
(1629, 60, 'Adzope'),
(1630, 60, 'Agboville'),
(1631, 60, 'Biankouma'),
(1632, 60, 'Bouna'),
(1633, 60, 'Boundiali'),
(1634, 60, 'Danane'),
(1635, 60, 'Divo'),
(1636, 60, 'Ferkessedougou'),
(1637, 60, 'Gagnoa'),
(1638, 60, 'Katiola'),
(1639, 60, 'Korhogo'),
(1640, 60, 'Odienne'),
(1641, 60, 'Seguela'),
(1642, 60, 'Touba'),
(1643, 60, 'Bongouanou'),
(1644, 60, 'Issia'),
(1645, 60, 'Lakota'),
(1646, 60, 'Mankono'),
(1647, 60, 'Oume'),
(1648, 60, 'Soubre'),
(1649, 60, 'Tingrela'),
(1650, 60, 'Zuenoula'),
(1651, 60, 'Abidjan'),
(1652, 60, 'Bangolo'),
(1653, 60, 'Beoumi'),
(1654, 60, 'Bondoukou'),
(1655, 60, 'Bouafle'),
(1656, 60, 'Bouake'),
(1657, 60, 'Daloa'),
(1658, 60, 'Daoukro'),
(1659, 60, 'Dimbokro'),
(1660, 60, 'Duekoue'),
(1661, 60, 'Grand-Lahou'),
(1662, 60, 'Guiglo'),
(1663, 60, 'Man'),
(1664, 60, 'Mbahiakro'),
(1665, 60, 'Sakassou'),
(1666, 60, 'San Pedro'),
(1667, 60, 'Sassandra'),
(1668, 60, 'Sinfra'),
(1669, 60, 'Tabou'),
(1670, 60, 'Tanda'),
(1671, 60, 'Tiassale'),
(1672, 60, 'Toumodi'),
(1673, 60, 'Vavoua'),
(1674, 60, 'Yamoussoukro'),
(1675, 60, 'Agnilbilekrou'),
(1676, 116, 'Al Anbar'),
(1677, 116, 'Al Basrah'),
(1678, 116, 'Al Muthann·'),
(1679, 116, 'Al Qadisiyah'),
(1680, 116, 'As Sulaymaniyah'),
(1681, 116, 'Babil'),
(1682, 116, 'Baghdad'),
(1683, 116, 'Dahuk'),
(1684, 116, 'Dhi Qar'),
(1685, 116, 'Diyala'),
(1686, 116, 'Arbil'),
(1687, 116, 'Karbala'''),
(1688, 116, 'At Ta''mim'),
(1689, 116, 'Maysan'),
(1690, 116, 'Ninawa'),
(1691, 116, 'Wasit'),
(1692, 116, 'An Najaf'),
(1693, 116, 'Sñalah ad Din'),
(1694, 122, 'Aichi'),
(1695, 122, 'Akita'),
(1696, 122, 'Aomori'),
(1697, 122, 'Chiba'),
(1698, 122, 'Ehime'),
(1699, 122, 'Fukui'),
(1700, 122, 'Fukuoka'),
(1701, 122, 'Fukushima'),
(1702, 122, 'Gifu'),
(1703, 122, 'Gumma'),
(1704, 122, 'Hiroshima'),
(1705, 122, 'Hokkaido'),
(1706, 122, 'Hyogo'),
(1707, 122, 'Ibaraki'),
(1708, 122, 'Ishikawa'),
(1709, 122, 'Iwate'),
(1710, 122, 'Kagawa'),
(1711, 122, 'Kagoshima'),
(1712, 122, 'Kanagawa'),
(1713, 122, 'Kochi'),
(1714, 122, 'Kumamoto'),
(1715, 122, 'Kyoto'),
(1716, 122, 'Mie'),
(1717, 122, 'Miyagi'),
(1718, 122, 'Miyazaki'),
(1719, 122, 'Nagano'),
(1720, 122, 'Nagasaki'),
(1721, 122, 'Nara'),
(1722, 122, 'Niigata'),
(1723, 122, 'Oita'),
(1724, 122, 'Okayama'),
(1725, 122, 'Osaka'),
(1726, 122, 'Saga'),
(1727, 122, 'Saitama'),
(1728, 122, 'Shiga'),
(1729, 122, 'Shimane'),
(1730, 122, 'Shizuoka'),
(1731, 122, 'Tochigi'),
(1732, 122, 'Tokushima'),
(1733, 122, 'Tokyo'),
(1734, 122, 'Tottori'),
(1735, 122, 'Toyama'),
(1736, 122, 'Wakayama'),
(1737, 122, 'Yamagata'),
(1738, 122, 'Yamaguchi'),
(1739, 122, 'Yamanashi'),
(1740, 122, 'Okinawa'),
(1741, 120, 'Clarendon'),
(1742, 120, 'Hanover'),
(1743, 120, 'Manchester'),
(1744, 120, 'Portland'),
(1745, 120, 'Saint Andrew'),
(1746, 120, 'Saint Ann'),
(1747, 120, 'Saint Catherine'),
(1748, 120, 'Saint Elizabeth'),
(1749, 120, 'Saint James'),
(1750, 120, 'Saint Mary'),
(1751, 120, 'Saint Thomas'),
(1752, 120, 'Trelawny'),
(1753, 120, 'Westmoreland'),
(1754, 120, 'Kingston'),
(1755, 126, 'Al Balqa'''),
(1756, 126, 'Ma''an'),
(1757, 126, 'Al Karak'),
(1758, 126, 'Al Mafraq'),
(1759, 126, '''Amman'),
(1760, 126, 'At Tafilah'),
(1761, 126, 'Az Zaraq'),
(1762, 126, 'Irbid'),
(1763, 129, 'Central'),
(1764, 129, 'Coast'),
(1765, 129, 'Eastern'),
(1766, 129, 'Nairobi Area'),
(1767, 129, 'NorthEastern'),
(1768, 129, 'Nyanza'),
(1769, 129, 'Rift Valley'),
(1770, 129, 'Western'),
(1771, 135, 'Bishkek'),
(1772, 135, 'Chuy'),
(1773, 135, 'Jalal-Abad'),
(1774, 135, 'Naryn'),
(1775, 135, 'Osh'),
(1776, 135, 'Talas'),
(1777, 135, 'Ysyk-Kol'),
(1778, 132, 'Chagang-do'),
(1779, 132, 'Hamgyong-namdo'),
(1780, 132, 'Hwanghae-namdo'),
(1781, 132, 'Hwanghae-bukto'),
(1782, 132, 'Kaesong-si'),
(1783, 132, 'Kangwon-do'),
(1784, 132, 'P''yongan-namdo'),
(1785, 132, 'P''yongyang-si'),
(1786, 132, 'Yanggang-do'),
(1787, 132, 'Namp''o-si'),
(1788, 132, 'Hamgyong-bukto'),
(1789, 131, 'Gilbert Islands'),
(1790, 131, 'Line Islands'),
(1791, 131, 'Phoenix Islands'),
(1792, 133, 'Cheju-do'),
(1793, 133, 'Cholla-bukto'),
(1794, 133, 'Ch''ungch''ong-bukto'),
(1795, 133, 'Kangwon-do'),
(1796, 133, 'Kyongsang-namdo'),
(1797, 133, 'Pusan-gwangyoksi'),
(1798, 133, 'Soul-t''ukpyolsi'),
(1799, 133, 'Inch''on-gwangyoksi'),
(1800, 133, 'Kyonggi-do'),
(1801, 133, 'Kyongsang-bukto'),
(1802, 133, 'Taegu-gwangyoksi'),
(1803, 133, 'Cholla-namdo'),
(1804, 133, 'Ch''ungch''ong-namdo'),
(1805, 133, 'Kwangju-gwangyoksi'),
(1806, 133, 'Taejon-gwangyoksi'),
(1807, 134, 'Al Kuwayt'),
(1808, 134, 'Hawalli'),
(1809, 134, 'Al Ahmadi'),
(1810, 134, 'Al Jahra'''),
(1811, 134, 'Al Farwaniyah'),
(1812, 128, 'Almaty'),
(1813, 128, 'Aqmola'),
(1814, 128, 'Aqtobe'),
(1815, 128, 'Astana'),
(1816, 128, 'Atyrau'),
(1817, 128, 'Batys Qazaqstan'),
(1818, 128, 'Bayqongyr'),
(1819, 128, 'Mangghystau'),
(1820, 128, 'Ongtustik Qazaqstan'),
(1821, 128, 'Pavlodar'),
(1822, 128, 'Qaraghandy'),
(1823, 128, 'Qostanay'),
(1824, 128, 'Qyzylorda'),
(1825, 128, 'Shyghys Qazaqstan'),
(1826, 128, 'Soltustik Qazaqstan'),
(1827, 128, 'Zhambyl'),
(1828, 136, 'Attapu'),
(1829, 136, 'Champasak'),
(1830, 136, 'Houaphan'),
(1831, 136, 'Oudomxai'),
(1832, 136, 'Xiagnabouli'),
(1833, 136, 'Xiangkhoang'),
(1834, 136, 'Khammouan'),
(1835, 136, 'Louangnamtha'),
(1836, 136, 'Louangphabang'),
(1837, 136, 'Phongsali'),
(1838, 136, 'Salavan'),
(1839, 136, 'Savannakhet'),
(1840, 136, 'Bokeo'),
(1841, 136, 'Bolikhamxai'),
(1842, 136, 'Viangchan'),
(1843, 136, 'Xaisomboun'),
(1844, 136, 'Xekong'),
(1845, 138, 'Beqaa'),
(1846, 138, 'Liban-Sud'),
(1847, 138, 'Liban-Nord'),
(1848, 138, 'Beyrouth'),
(1849, 138, 'Mont-Liban'),
(1850, 137, 'Aizjrayjkes Rajons'),
(1851, 137, 'Aluksnes Rajons'),
(1852, 137, 'Balvu Rajons'),
(1853, 137, 'Bauskas Rajons'),
(1854, 137, 'Cesu Rajons'),
(1855, 137, 'Daugavpils'),
(1856, 137, 'Daugavpils Rajons'),
(1857, 137, 'Dobeles Rajons'),
(1858, 137, 'Gulbenes Rajons'),
(1859, 137, 'Jekabpils Rajons'),
(1860, 137, 'Jelgava'),
(1861, 137, 'Jelgavas Rajons'),
(1862, 137, 'Jurmala'),
(1863, 137, 'Kraslavas Rajons'),
(1864, 137, 'Kuldigas Rajons'),
(1865, 137, 'Liepaja'),
(1866, 137, 'Liepajas Rajons'),
(1867, 137, 'Limbazu Rajons'),
(1868, 137, 'Ludzas Rajons'),
(1869, 137, 'Madonas Rajons'),
(1870, 137, 'Ogres Rajons'),
(1871, 137, 'Preiju Rajons'),
(1872, 137, 'Rezekne'),
(1873, 137, 'Rezeknes Rajons'),
(1874, 137, 'Riga'),
(1875, 137, 'Rigas Rajons'),
(1876, 137, 'Saldus Rajons'),
(1877, 137, 'Talsu Rajons'),
(1878, 137, 'Tukuma Rajons'),
(1879, 137, 'Valkas Rajons'),
(1880, 137, 'Valmieras Rajons'),
(1881, 137, 'Ventspils'),
(1882, 137, 'Ventspils Rajons'),
(1883, 143, 'Alytaus Apskritis'),
(1884, 143, 'Kauno Apskritis'),
(1885, 143, 'Klaipedos Apskritis'),
(1886, 143, 'Marijampoles Apskritis'),
(1887, 143, 'Panevezio Apskritis'),
(1888, 143, 'Siauliu Apskritis'),
(1889, 143, 'Taurages Apskritis'),
(1890, 143, 'Telsiu Apskritis'),
(1891, 143, 'Utenos Apskritis'),
(1892, 143, 'Vilniaus Apskritis'),
(1893, 140, 'Bong'),
(1894, 140, 'Grand Gedeh'),
(1895, 140, 'Lofa'),
(1896, 140, 'Nimba'),
(1897, 140, 'Sinoe'),
(1898, 140, 'Grand Bassa'),
(1899, 140, 'Grand Cape Mount'),
(1900, 140, 'Maryland'),
(1901, 140, 'Montserrado'),
(1902, 140, 'Bomi'),
(1903, 140, 'Grand Kru'),
(1904, 140, 'Margibi'),
(1905, 140, 'River Cess'),
(1906, 220, 'Banskobystricky'),
(1907, 220, 'Bratislavsky'),
(1908, 220, 'Kosicky'),
(1909, 220, 'Nitrinsky'),
(1910, 220, 'Presovsky'),
(1911, 220, 'Treciansky'),
(1912, 220, 'Trnavsky'),
(1913, 220, 'Zilinsky'),
(1914, 142, 'Balzers'),
(1915, 142, 'Eschen'),
(1916, 142, 'Gamprin'),
(1917, 142, 'Mauren'),
(1918, 142, 'Planken'),
(1919, 142, 'Ruggell'),
(1920, 142, 'Schaan'),
(1921, 142, 'Schellenberg'),
(1922, 142, 'Triesen'),
(1923, 142, 'Triesenberg'),
(1924, 142, 'Vaduz'),
(1925, 139, 'Berea'),
(1926, 139, 'Butha-Buthe'),
(1927, 139, 'Leribe'),
(1928, 139, 'Mafeteng'),
(1929, 139, 'Maseru'),
(1930, 139, 'Mohale''s Hoek'),
(1931, 139, 'Mokhotlong'),
(1932, 139, 'Qacha''s Hoek'),
(1933, 139, 'Quthing'),
(1934, 139, 'Thaba-Tseka'),
(1935, 144, 'Diekirch'),
(1936, 144, 'Grevenmacher'),
(1937, 144, 'Luxembourg'),
(1938, 141, 'Al ''Aziziyah'),
(1939, 141, 'Al Jufrah'),
(1940, 141, 'Al Kufrah'),
(1941, 141, 'Ash Shati'''),
(1942, 141, 'Murzuq'),
(1943, 141, 'Sabha'),
(1944, 141, 'Tarhunah'),
(1945, 141, 'Töubruq'),
(1946, 141, 'Zlitan'),
(1947, 141, 'Ajdabiya'),
(1948, 141, 'Al Fatih'),
(1949, 141, 'Al Jabal al Akhdar'),
(1950, 141, 'Al Khums'),
(1951, 141, 'An Nuqat al Khams'),
(1952, 141, 'Awbari'),
(1953, 141, 'Az Zawiyah'),
(1954, 141, 'Banghazi'),
(1955, 141, 'Darnah'),
(1956, 141, 'Ghadamis'),
(1957, 141, 'Gharyan'),
(1958, 141, 'Misratah'),
(1959, 141, 'Sawfajjin'),
(1960, 141, 'Surt'),
(1961, 141, 'Tarabulus'),
(1962, 141, 'Yafran'),
(1963, 147, 'Antsiranana'),
(1964, 147, 'Fianarantsoa'),
(1965, 147, 'Mahajanga'),
(1966, 147, 'Toamasina'),
(1967, 147, 'Antananarivo'),
(1968, 147, 'Toliara'),
(1969, 145, 'Ilhas'),
(1970, 145, 'Macau'),
(1971, 163, 'Balti'),
(1972, 163, 'Cahul'),
(1973, 163, 'Chisinau'),
(1974, 163, 'Stinga Nistrului'),
(1975, 163, 'Edinet'),
(1976, 163, 'Gagauzia'),
(1977, 163, 'Orhei'),
(1978, 163, 'Soroca'),
(1979, 163, 'Ungheni'),
(1980, 165, 'Arhangay'),
(1981, 165, 'Bayanhongor'),
(1982, 165, 'Bayan-Olgiy'),
(1983, 165, 'Dornogovi'),
(1984, 165, 'Dundgovi'),
(1985, 165, 'Dzavhan'),
(1986, 165, 'Govi-Altay'),
(1987, 165, 'Hentiy'),
(1988, 165, 'Omnogovi'),
(1989, 165, 'Ovorhangay'),
(1990, 165, 'Ulaanbaatar'),
(1991, 165, 'Orhon'),
(1992, 167, 'Saint Anthony'),
(1993, 167, 'Saint Georges'),
(1994, 167, 'Saint Peter'),
(1995, 148, 'Chikwawa'),
(1996, 148, 'Chiradzulu'),
(1997, 148, 'Chitipa'),
(1998, 148, 'Thyolo'),
(1999, 148, 'Dedza'),
(2000, 148, 'Dowa'),
(2001, 148, 'Karonga'),
(2002, 148, 'Kasungu'),
(2003, 148, 'Machinga (Kasupe)'),
(2004, 148, 'Lilongwe'),
(2005, 148, 'Mangochi (Fort Johnston)'),
(2006, 148, 'Mchinji'),
(2007, 148, 'Mulanje (Mlange)'),
(2008, 148, 'Mzimba'),
(2009, 148, 'Ntcheu'),
(2010, 148, 'Nkhata Bay'),
(2011, 148, 'Nkhotakota'),
(2012, 148, 'Nsanje'),
(2013, 148, 'Ntchisi (Nchisi)'),
(2014, 148, 'Rumphi (Rumpil)'),
(2015, 148, 'Salima'),
(2016, 148, 'Zomba'),
(2017, 148, 'Blantyre'),
(2018, 148, 'Mwanza'),
(2019, 151, 'Bamako'),
(2020, 151, 'Gao'),
(2021, 151, 'Kayes'),
(2022, 151, 'Mopti'),
(2023, 151, 'Segou'),
(2024, 151, 'Sikasso'),
(2025, 151, 'Koulikoro'),
(2026, 151, 'Tombouctou'),
(2027, 168, 'Agadir'),
(2028, 168, 'Al HoceÔma'),
(2029, 168, 'Azilal'),
(2030, 168, 'Ben Slimane'),
(2031, 168, 'Beni Mellal'),
(2032, 168, 'Boulemane'),
(2033, 168, 'Casablanca'),
(2034, 168, 'Chaouen'),
(2035, 168, 'El Jadida'),
(2036, 168, 'El Kelaa des Sraghna'),
(2037, 168, 'Er Rachidia'),
(2038, 168, 'Essaouira'),
(2039, 168, 'Fes'),
(2040, 168, 'Figuig'),
(2041, 168, 'Kenitra'),
(2042, 168, 'Khemisset'),
(2043, 168, 'Khenifra'),
(2044, 168, 'Khouribga'),
(2045, 168, 'Marrakech'),
(2046, 168, 'Meknes'),
(2047, 168, 'Nador'),
(2048, 168, 'Ouarzazate'),
(2049, 168, 'Oujda'),
(2050, 168, 'Rabat-Sale'),
(2051, 168, 'Safi'),
(2052, 168, 'Settat'),
(2053, 168, 'Tanger'),
(2054, 168, 'Tata'),
(2055, 168, 'Taza'),
(2056, 168, 'Tiznit'),
(2057, 168, 'Guelmim'),
(2058, 168, 'Ifrane'),
(2059, 168, 'Laayoune'),
(2060, 168, 'Tan-Tan'),
(2061, 168, 'Taounate'),
(2062, 168, 'Sidi Kacem'),
(2063, 168, 'Taroudannt'),
(2064, 168, 'Tetouan'),
(2065, 168, 'Larache'),
(2066, 168, 'Assa-Zag'),
(2067, 168, 'Es Smara'),
(2068, 157, 'Black River'),
(2069, 157, 'Flacq'),
(2070, 157, 'Grand Port'),
(2071, 157, 'Moka'),
(2072, 157, 'Pamplemousses'),
(2073, 157, 'Plaines Wilhems'),
(2074, 157, 'Port Louis'),
(2075, 157, 'RiviËre du Rempart'),
(2076, 157, 'Savanne'),
(2077, 157, 'Agalega Islands'),
(2078, 157, 'Cargados Carajos'),
(2079, 157, 'Rodrigues'),
(2080, 156, 'Hodh Ech Chargui'),
(2081, 156, 'Hodh El Gharbi'),
(2082, 156, 'Assaba'),
(2083, 156, 'Gorgol'),
(2084, 156, 'Brakna'),
(2085, 156, 'Trarza'),
(2086, 156, 'Adrar'),
(2087, 156, 'Dakhlet Nouadhibou'),
(2088, 156, 'Tagant'),
(2089, 156, 'Guidimaka'),
(2090, 156, 'Tiris Zemmour'),
(2091, 156, 'Inchiri'),
(2092, 186, 'Ad Dakhiliyah'),
(2093, 186, 'Al Batinah'),
(2094, 186, 'Al Wusta'),
(2095, 186, 'Ash Sharqiyah'),
(2096, 186, 'Az Zahirah'),
(2097, 186, 'Masqat'),
(2098, 186, 'Musandam'),
(2099, 186, 'Zufar'),
(2100, 150, 'Seenu'),
(2101, 150, 'Laamu'),
(2102, 150, 'Thaa'),
(2103, 150, 'Raa'),
(2104, 150, 'Baa'),
(2105, 150, 'Shaviyani'),
(2106, 150, 'Noonu'),
(2107, 150, 'Kaafu'),
(2108, 150, 'Alifu'),
(2109, 150, 'Dhaalu'),
(2110, 150, 'Faafa'),
(2111, 150, 'Gaafu Alifu'),
(2112, 150, 'Gaafu Dhaalu'),
(2113, 150, 'Haa Alifu'),
(2114, 150, 'Haa Dhaalu'),
(2115, 150, 'Lhaviyani'),
(2116, 150, 'Maale'),
(2117, 150, 'Meenu'),
(2118, 150, 'Gnaviyani'),
(2119, 150, 'Vaavu'),
(2120, 159, 'Aguascalientes'),
(2121, 159, 'Campeche'),
(2122, 159, 'Coahuila de Zaragoza'),
(2123, 159, 'Distrito Federal'),
(2124, 159, 'Mexico'),
(2125, 159, 'Michoacan de Ocampo'),
(2126, 159, 'Nayarit'),
(2127, 159, 'Puebla'),
(2128, 159, 'Queretaro de Arteaga'),
(2129, 159, 'Sinaloa'),
(2130, 159, 'Veracruz-Llave'),
(2131, 159, 'Yucatan'),
(2132, 149, 'Johor'),
(2133, 149, 'Kedah'),
(2134, 149, 'Kelantan'),
(2135, 149, 'Melaka'),
(2136, 149, 'Negeri Sembilan'),
(2137, 149, 'Pahang'),
(2138, 149, 'Perak'),
(2139, 149, 'Perlis'),
(2140, 149, 'Pulau Pinang'),
(2141, 149, 'Sarawak'),
(2142, 149, 'Selangor'),
(2143, 149, 'Terengganu'),
(2144, 149, 'Wilayah Persekutuan'),
(2145, 149, 'Labuan'),
(2146, 149, 'Sabah'),
(2147, 169, 'Cabo Delgado'),
(2148, 169, 'Gaza'),
(2149, 169, 'Inhambane'),
(2150, 169, 'Maputo'),
(2151, 169, 'Sofala'),
(2152, 169, 'Nampula'),
(2153, 169, 'Niassa'),
(2154, 169, 'Tete'),
(2155, 169, 'Zambezia'),
(2156, 169, 'Manica'),
(2157, 180, 'Agadez'),
(2158, 180, 'Diffa'),
(2159, 180, 'Dosso'),
(2160, 180, 'Maradi'),
(2161, 180, 'Niamey'),
(2162, 180, 'Tahoua'),
(2163, 180, 'Zinder'),
(2164, 180, 'Tillaberi'),
(2165, 258, 'Aoba//Maewo'),
(2166, 258, 'Torba'),
(2167, 258, 'Sanma'),
(2168, 258, 'Tafea'),
(2169, 181, 'Lagos'),
(2170, 181, 'Bauchi'),
(2171, 181, 'Rivers'),
(2172, 181, 'Abuja Capital Territory'),
(2173, 181, 'Ogun'),
(2174, 181, 'Ondo'),
(2175, 181, 'Plateau'),
(2176, 181, 'Akwa Ibom'),
(2177, 181, 'Cross River'),
(2178, 181, 'Kaduna'),
(2179, 181, 'Anambra'),
(2180, 181, 'Benue'),
(2181, 181, 'Borno'),
(2182, 181, 'Kano'),
(2183, 181, 'Kwara'),
(2184, 181, 'Niger'),
(2185, 181, 'Oyo'),
(2186, 181, 'Sokoto'),
(2187, 181, 'Abia'),
(2188, 181, 'Adamawa'),
(2189, 181, 'Delta'),
(2190, 181, 'Edo'),
(2191, 181, 'Enugu'),
(2192, 181, 'Jigawa'),
(2193, 181, 'Kebbi'),
(2194, 181, 'Kogi'),
(2195, 181, 'Osun'),
(2196, 181, 'Taraba'),
(2197, 181, 'Yobe'),
(2198, 175, 'Drenthe'),
(2199, 175, 'Friesland'),
(2200, 175, 'Gelderland'),
(2201, 175, 'Groningen'),
(2202, 175, 'Limburg'),
(2203, 175, 'Noord-Brabant'),
(2204, 175, 'Noord-Holland'),
(2205, 175, 'Overijssel'),
(2206, 175, 'Utrecht'),
(2207, 175, 'Zeeland'),
(2208, 175, 'Zuid-Holland'),
(2209, 175, 'Flevoland'),
(2210, 185, 'Akershus'),
(2211, 185, 'Aust-Agder'),
(2212, 185, 'Buskerud'),
(2213, 185, 'Finnmark'),
(2214, 185, 'Hedmark'),
(2215, 185, 'Hordaland'),
(2216, 185, 'More og Romsdal'),
(2217, 185, 'Nordland'),
(2218, 185, 'Nord-Trondelag'),
(2219, 185, 'Oppland'),
(2220, 185, 'Oslo'),
(2221, 185, 'ÿstfold'),
(2222, 185, 'Rogaland'),
(2223, 185, 'Sogn og Fjordane'),
(2224, 185, 'Sor-Trondelag'),
(2225, 185, 'Telemark'),
(2226, 185, 'Troms'),
(2227, 185, 'Vest-Agder'),
(2228, 185, 'Vestfold'),
(2229, 174, 'Bagmati'),
(2230, 174, 'Bheri'),
(2231, 174, 'Dhawalagiri'),
(2232, 174, 'Gandaki'),
(2233, 174, 'Janakpur'),
(2234, 174, 'Karnali'),
(2235, 174, 'Kosi'),
(2236, 174, 'Lumbini'),
(2237, 174, 'Mahakali'),
(2238, 174, 'Mechi'),
(2239, 174, 'Narayani'),
(2240, 174, 'Rapti'),
(2241, 174, 'Sagarmatha'),
(2242, 174, 'Seti'),
(2243, 172, 'Aiwo'),
(2244, 172, 'Anabar'),
(2245, 172, 'Anetan'),
(2246, 172, 'Anibare'),
(2247, 172, 'Baiti'),
(2248, 172, 'Boe'),
(2249, 172, 'Buada'),
(2250, 172, 'Denigomodu'),
(2251, 172, 'Ewa'),
(2252, 172, 'Ijuw'),
(2253, 172, 'Meneng'),
(2254, 172, 'Nibok'),
(2255, 172, 'Uaboe'),
(2256, 172, 'Yaren'),
(2257, 230, 'Brokopondo'),
(2258, 230, 'Commewijne'),
(2259, 230, 'Coronie'),
(2260, 230, 'Marowijne'),
(2261, 230, 'Nickerie'),
(2262, 230, 'Para'),
(2263, 230, 'Paramaribo'),
(2264, 230, 'Saramacca'),
(2265, 230, 'Sipaliwini'),
(2266, 230, 'Wanica'),
(2267, 179, 'Boaco'),
(2268, 179, 'Carazo'),
(2269, 179, 'Chinandega'),
(2270, 179, 'Chontales'),
(2271, 179, 'Esteli'),
(2272, 179, 'Granada'),
(2273, 179, 'Jinotega'),
(2274, 179, 'Leon'),
(2275, 179, 'Madriz'),
(2276, 179, 'Managua'),
(2277, 179, 'Masaya'),
(2278, 179, 'Matagalpa'),
(2279, 179, 'Nueva Segovia'),
(2280, 179, 'Rio San Juan'),
(2281, 179, 'Rivas'),
(2282, 179, 'Atlantico Norte'),
(2283, 179, 'Atlantico Sur'),
(2284, 178, 'Hawke''s Bay'),
(2285, 178, 'Marlborough'),
(2286, 178, 'Southland'),
(2287, 178, 'Taranaki'),
(2288, 178, 'Waikato'),
(2289, 193, 'Alto Parana'),
(2290, 193, 'Amambay'),
(2291, 193, 'Caaguazu'),
(2292, 193, 'Caazapa'),
(2293, 193, 'Central'),
(2294, 193, 'Concepcion'),
(2295, 193, 'Cordillera'),
(2296, 193, 'Guaira'),
(2297, 193, 'Itapua'),
(2298, 193, 'Misiones'),
(2299, 193, 'Neembucu'),
(2300, 193, 'Paraguari'),
(2301, 193, 'Presidente Hayes'),
(2302, 193, 'San Pedro'),
(2303, 193, 'Canindeyu'),
(2304, 193, 'Asuncion'),
(2305, 193, 'Alto Paraguay'),
(2306, 193, 'Boqueron'),
(2307, 194, 'Amazonas'),
(2308, 194, 'Ancash'),
(2309, 194, 'Apurimac'),
(2310, 194, 'Arequipa'),
(2311, 194, 'Ayacucho'),
(2312, 194, 'Cajamarca'),
(2313, 194, 'Callao'),
(2314, 194, 'Cusco'),
(2315, 194, 'Huancavelica'),
(2316, 194, 'Huanuco'),
(2317, 194, 'Ica'),
(2318, 194, 'Junin'),
(2319, 194, 'La Libertad'),
(2320, 194, 'Lambayeque'),
(2321, 194, 'Lima'),
(2322, 194, 'Loreto'),
(2323, 194, 'Madre de Dios'),
(2324, 194, 'Moquegua'),
(2325, 194, 'Pasco'),
(2326, 194, 'Piura'),
(2327, 194, 'Puno'),
(2328, 194, 'San Martin'),
(2329, 194, 'Tacna'),
(2330, 194, 'Tumbes'),
(2331, 194, 'Ucayali'),
(2332, 187, 'Federally Administered Tribal Areas'),
(2333, 187, 'Balochistan'),
(2334, 187, 'North-West Frontier'),
(2335, 187, 'Punjab'),
(2336, 187, 'Sindh'),
(2337, 187, 'Azad Kashmir'),
(2338, 187, 'Northern Areas'),
(2339, 187, 'Islamabad'),
(2340, 197, 'Dolnoslaskie'),
(2341, 197, 'Kujawsko-Pomorskie'),
(2342, 197, 'Lodzkie'),
(2343, 197, 'Lubelskie'),
(2344, 197, 'Lubuskie'),
(2345, 197, 'Malopolskie'),
(2346, 197, 'Mazowieckie'),
(2347, 197, 'Opolskie'),
(2348, 197, 'Podkarpackie'),
(2349, 197, 'Podlaskie'),
(2350, 197, 'Pomorskie'),
(2351, 197, 'Slaskie'),
(2352, 197, 'Swietokrzyskie'),
(2353, 197, 'Warminsko-Mazurskie'),
(2354, 197, 'Wielkopolskie'),
(2355, 197, 'Zachodniopomorskie'),
(2356, 190, 'Bocas del Toro'),
(2357, 190, 'Chiriqui'),
(2358, 190, 'Cocle'),
(2359, 190, 'Colon'),
(2360, 190, 'Darien'),
(2361, 190, 'Herrera'),
(2362, 190, 'Los Santos'),
(2363, 190, 'Panama'),
(2364, 190, 'San Blas'),
(2365, 190, 'Veraguas'),
(2366, 198, 'Aveiro'),
(2367, 198, 'Beja'),
(2368, 198, 'Braga'),
(2369, 198, 'Braganca'),
(2370, 198, 'Castelo Branco'),
(2371, 198, 'Coimbra'),
(2372, 198, 'Evora'),
(2373, 198, 'Faro'),
(2374, 198, 'Madeira'),
(2375, 198, 'Guarda'),
(2376, 198, 'Leiria'),
(2377, 198, 'Lisboa'),
(2378, 198, 'Portalegre'),
(2379, 198, 'Porto'),
(2380, 198, 'Santarem'),
(2381, 198, 'Setubal'),
(2382, 198, 'Viana do Castelo'),
(2383, 198, 'Vila Real'),
(2384, 198, 'Viseu'),
(2385, 198, 'Azores'),
(2386, 191, 'Central'),
(2387, 191, 'Gulf'),
(2388, 191, 'Milne Bay'),
(2389, 191, 'Northern'),
(2390, 191, 'Southern Highlands'),
(2391, 191, 'Western'),
(2392, 191, 'Bougainville'),
(2393, 191, 'Chimbu'),
(2394, 191, 'Eastern Highlands'),
(2395, 191, 'East New Britain'),
(2396, 191, 'East Sepik'),
(2397, 191, 'Madang'),
(2398, 191, 'Manus'),
(2399, 191, 'Morobe'),
(2400, 191, 'New Ireland'),
(2401, 191, 'Western Highlands'),
(2402, 191, 'West New Britain'),
(2403, 191, 'Sandaun'),
(2404, 191, 'Enga'),
(2405, 191, 'National Capital'),
(2406, 103, 'Bafata'),
(2407, 103, 'Quinara'),
(2408, 103, 'Oio'),
(2409, 103, 'Bolama'),
(2410, 103, 'Cacheu'),
(2411, 103, 'Tombali'),
(2412, 103, 'Gabu'),
(2413, 103, 'Bissau'),
(2414, 103, 'Biombo'),
(2415, 200, 'Ad Dawhah'),
(2416, 200, 'Al Ghuwayriyah'),
(2417, 200, 'Al Jumayliyah'),
(2418, 200, 'Al Khawr'),
(2419, 200, 'Al Wakrah'),
(2420, 200, 'Ar Rayyan'),
(2421, 200, 'Jarayan al Batinah'),
(2422, 200, 'Madinat ash Shamal'),
(2423, 200, 'Umm Salal'),
(2424, 202, 'Alba'),
(2425, 202, 'Arad'),
(2426, 202, 'Arges'),
(2427, 202, 'Bacau'),
(2428, 202, 'Bihor'),
(2429, 202, 'Bistrita-Nasaud'),
(2430, 202, 'Botosani'),
(2431, 202, 'Braila'),
(2432, 202, 'Brasov'),
(2433, 202, 'Bucuresti'),
(2434, 202, 'Buzau'),
(2435, 202, 'Caras-Severin'),
(2436, 202, 'Cluj'),
(2437, 202, 'Constanta'),
(2438, 202, 'Covasna'),
(2439, 202, 'Dambovita'),
(2440, 202, 'Dolj'),
(2441, 202, 'Galati'),
(2442, 202, 'Gorj'),
(2443, 202, 'Harghita'),
(2444, 202, 'Hunedoara'),
(2445, 202, 'Ialomita'),
(2446, 202, 'Iasi'),
(2447, 202, 'Maramures'),
(2448, 202, 'Mehedinti'),
(2449, 202, 'Mures'),
(2450, 202, 'Neamt'),
(2451, 202, 'Olt'),
(2452, 202, 'Prahova'),
(2453, 202, 'Salaj'),
(2454, 202, 'Satu Mare'),
(2455, 202, 'Sibiu'),
(2456, 202, 'Suceava'),
(2457, 202, 'Teleorman'),
(2458, 202, 'Timis'),
(2459, 202, 'Tulcea'),
(2460, 202, 'Vaslui'),
(2461, 202, 'Valcea'),
(2462, 202, 'Vrancea'),
(2463, 202, 'Calarasi'),
(2464, 202, 'Giurgiu'),
(2465, 195, 'Abra'),
(2466, 195, 'Agusan del Norte'),
(2467, 195, 'Agusan del Sur'),
(2468, 195, 'Aklan'),
(2469, 195, 'Albay'),
(2470, 195, 'Antique'),
(2471, 195, 'Bataan'),
(2472, 195, 'Batanes'),
(2473, 195, 'Batangas'),
(2474, 195, 'Benguet'),
(2475, 195, 'Bohol'),
(2476, 195, 'Bukidnon'),
(2477, 195, 'Bulacan'),
(2478, 195, 'Cagayan'),
(2479, 195, 'Camarines Norte'),
(2480, 195, 'Camarines Sur'),
(2481, 195, 'Camiguin'),
(2482, 195, 'Capiz'),
(2483, 195, 'Catanduanes'),
(2484, 195, 'Cavite'),
(2485, 195, 'Cebu'),
(2486, 195, 'Basilan'),
(2487, 195, 'Eastern Samar'),
(2488, 195, 'Davao del Norte'),
(2489, 195, 'Davao del Sur'),
(2490, 195, 'Davao Oriental'),
(2491, 195, 'Ifugao'),
(2492, 195, 'Ilocos Norte'),
(2493, 195, 'Ilocos Sur'),
(2494, 195, 'Iloilo'),
(2495, 195, 'Isabela'),
(2496, 195, 'Kalinga-Apayao'),
(2497, 195, 'Laguna'),
(2498, 195, 'Lanao del Norte'),
(2499, 195, 'Lanao del Sur'),
(2500, 195, 'La Union'),
(2501, 195, 'Leyte'),
(2502, 195, 'Marinduque'),
(2503, 195, 'Masbate'),
(2504, 195, 'Mindoro Occidental'),
(2505, 195, 'Mindoro Oriental'),
(2506, 195, 'Misamis Occidental'),
(2507, 195, 'Misamis Oriental'),
(2508, 195, 'Mountain'),
(2509, 195, 'RP45'),
(2510, 195, 'Negros Oriental'),
(2511, 195, 'Nueva Ecija'),
(2512, 195, 'Nueva Vizcaya'),
(2513, 195, 'Palawan'),
(2514, 195, 'Pampanga'),
(2515, 195, 'Pangasinan'),
(2516, 195, 'Rizal'),
(2517, 195, 'Romblon'),
(2518, 195, 'Samar'),
(2519, 195, 'Maguindanao'),
(2520, 195, 'North Cotabato'),
(2521, 195, 'Sorsogon'),
(2522, 195, 'Southern Leyte'),
(2523, 195, 'Sulu'),
(2524, 195, 'Surigao del Norte'),
(2525, 195, 'Surigao del Sur'),
(2526, 195, 'Tarlac'),
(2527, 195, 'Zambales'),
(2528, 195, 'Zamboanga del Norte'),
(2529, 195, 'Zamboanga del Sur'),
(2530, 195, 'Northern Samar'),
(2531, 195, 'Quirino'),
(2532, 195, 'Siquijor'),
(2533, 195, 'South Cotabato'),
(2534, 195, 'Sultan Kudarat'),
(2535, 195, 'Tawi-Tawi'),
(2536, 195, 'Angeles'),
(2537, 195, 'Bacolod'),
(2538, 195, 'Bago'),
(2539, 195, 'Baguio'),
(2540, 195, 'Bais'),
(2541, 195, 'Basilan City'),
(2542, 195, 'Batangas City'),
(2543, 195, 'Butuan'),
(2544, 195, 'Cabanatuan'),
(2545, 195, 'Cadiz'),
(2546, 195, 'Cagayan de Oro'),
(2547, 195, 'Calbayog'),
(2548, 195, 'Caloocan'),
(2549, 195, 'Canlaon'),
(2550, 195, 'Cavite City'),
(2551, 195, 'Cebu City'),
(2552, 195, 'Cotabato'),
(2553, 195, 'Dagupan'),
(2554, 195, 'Danao'),
(2555, 195, 'Dapitane'),
(2556, 195, 'Davao City'),
(2557, 195, 'Dipolog'),
(2558, 195, 'Dumaguete'),
(2559, 195, 'General Santos'),
(2560, 195, 'Gingoog'),
(2561, 195, 'Iligan'),
(2562, 195, 'Iloilo City'),
(2563, 195, 'Iriga'),
(2564, 195, 'La Carlota'),
(2565, 195, 'Laoag'),
(2566, 195, 'LapuLapu'),
(2567, 195, 'Legaspi'),
(2568, 195, 'Lipa'),
(2569, 195, 'Lucena'),
(2570, 195, 'Mandaue'),
(2571, 195, 'Manila'),
(2572, 195, 'Marawi'),
(2573, 195, 'Naga'),
(2574, 195, 'Olongapo'),
(2575, 195, 'Ormoc'),
(2576, 195, 'Oroquieta'),
(2577, 195, 'Ozamis'),
(2578, 195, 'Pagadiane'),
(2579, 195, 'Palayan'),
(2580, 195, 'Pasay'),
(2581, 195, 'Puerto Princesa'),
(2582, 195, 'Quezon City'),
(2583, 195, 'Roxas'),
(2584, 195, 'Negros Occidental San Carlos'),
(2585, 195, 'Pangasinan San Carlos'),
(2586, 195, 'San Jose'),
(2587, 195, 'San Pablo'),
(2588, 195, 'Silay'),
(2589, 195, 'Surigao'),
(2590, 195, 'Tacloban'),
(2591, 195, 'Tagaytay'),
(2592, 195, 'Tagbilaran'),
(2593, 195, 'Tangub'),
(2594, 195, 'Toledo'),
(2595, 195, 'Trece Martires'),
(2596, 195, 'Zamboanga'),
(2597, 195, 'Aurora'),
(2598, 195, 'Quezon'),
(2599, 195, 'Negros Occidental'),
(2600, 203, 'Adygeya'),
(2601, 203, 'Aginskiy Buryatskiy Avtonomnyy Okrug'),
(2602, 203, 'Altay'),
(2603, 203, 'Altayskiy Kray'),
(2604, 203, 'Amurskaya Oblast'''),
(2605, 203, 'Arkhangel''skaya Oblast'''),
(2606, 203, 'Astrakhanskaya Oblast'''),
(2607, 203, 'Bashkortostan'),
(2608, 203, 'Belgorodskaya Oblast'''),
(2609, 203, 'Bryanskaya Oblast'''),
(2610, 203, 'Buryatiya'),
(2611, 203, 'Chechnya'),
(2612, 203, 'Chelyabinskaya Oblast'''),
(2613, 203, 'Chitinskaya Oblast'''),
(2614, 203, 'Chukotskiy Avtonomnyy Okrug'),
(2615, 203, 'Chuvashiya'),
(2616, 203, 'Evenkiyskiy Avtonomnyy Okrug'),
(2617, 203, 'Ingushetiya'),
(2618, 203, 'Irkutskaya Oblast'''),
(2619, 203, 'Ivanovskaya Oblast'''),
(2620, 203, 'Kabardino-Balkariya'),
(2621, 203, 'Kaliningradskaya Oblast'''),
(2622, 203, 'Kalmykiya'),
(2623, 203, 'Kaluzhskaya Oblast'''),
(2624, 203, 'Kamchatskaya Oblast'''),
(2625, 203, 'Karachayevo-Cherkesiya'),
(2626, 203, 'Kareliya'),
(2627, 203, 'Kemerovskaya Oblast'''),
(2628, 203, 'Khabarovskiy Kray'),
(2629, 203, 'Khakasiya'),
(2630, 203, 'Khanty-Mansiyskiy Avtonomnyy Okrug'),
(2631, 203, 'Kirovskaya Oblast'''),
(2632, 203, 'Komi-Permyatskiy Avtonomnyy Okrug'),
(2633, 203, 'Koryakskiy Avtonomnyy Okrug'),
(2634, 203, 'Kostromskaya Oblast'''),
(2635, 203, 'Krasnodarskiy Kray'),
(2636, 203, 'Krasnoyarskiy Kray'),
(2637, 203, 'Kurganskaya Oblast'''),
(2638, 203, 'Kurskaya Oblast'''),
(2639, 203, 'Leningradskaya Oblast'''),
(2640, 203, 'Lipetskaya Oblast'''),
(2641, 203, 'Magadanskaya Oblast'''),
(2642, 203, 'Mordoviya'),
(2643, 203, 'Moskovskaya Oblast'''),
(2644, 203, 'Moskva'),
(2645, 203, 'Murmanskaya Oblast'''),
(2646, 203, 'Nenetskiy Avtonomnyy Okrug'),
(2647, 203, 'Nizhegorodskaya Oblast'''),
(2648, 203, 'Novgorodskaya Oblast'''),
(2649, 203, 'Novosibirskaya Oblast'''),
(2650, 203, 'Omskaya Oblast'''),
(2651, 203, 'Orenburgskaya Oblast'''),
(2652, 203, 'Orlovskaya Oblast'''),
(2653, 203, 'Penzenskaya Oblast'''),
(2654, 203, 'Permskaya Oblast'''),
(2655, 203, 'Primorskiy Kray'),
(2656, 203, 'Pskovskaya Oblast'''),
(2657, 203, 'Rostovskaya Oblast'''),
(2658, 203, 'Ryazanskaya Oblast'''),
(2659, 203, 'Sakha (Yakutiya)'),
(2660, 203, 'Sakhalinskaya Oblast'''),
(2661, 203, 'Samarskaya Oblast'''),
(2662, 203, 'Sankt-Peterburg'),
(2663, 203, 'Saratovskaya Oblast'''),
(2664, 203, 'Severnaya Osetiya-Alaniya'),
(2665, 203, 'Smolenskaya Oblast'''),
(2666, 203, 'Stavropol''skiy Kray'),
(2667, 203, 'Sverdlovskaya Oblast'''),
(2668, 203, 'Tambovskaya Oblast'''),
(2669, 203, 'Taymyrskiy Dolgano-Nenetskiy Avtonomnyy Okrug'),
(2670, 203, 'Tomskaya Oblast'''),
(2671, 203, 'Tul''skaya Oblast'''),
(2672, 203, 'Tverskaya Oblast'''),
(2673, 203, 'Tyumenskaya Oblast'''),
(2674, 203, 'Udmurtiya'),
(2675, 203, 'Ul''yanovskaya Oblast'''),
(2676, 203, 'Ust''-Ordynskiy Buryatskiy Avtonomnyy Okrug'),
(2677, 203, 'Vladimirskaya Oblast'''),
(2678, 203, 'Volgogradskaya Oblast'''),
(2679, 203, 'Vologodskaya oblast'''),
(2680, 203, 'Voronezhskaya Oblast'''),
(2681, 203, 'Yamalo-Nenetskiy Avtonomnyy Okrug'),
(2682, 203, 'Yaroslavskaya Oblast'''),
(2683, 203, 'Yevreyskaya Avtonomnyy Oblast'''),
(2684, 204, 'Butare'),
(2685, 204, 'Byumba'),
(2686, 204, 'Cyangugu'),
(2687, 204, 'Gikongoro'),
(2688, 204, 'Gisenyi'),
(2689, 204, 'Gitarama'),
(2690, 204, 'Kibungo'),
(2691, 204, 'Kibuye'),
(2692, 204, 'Kigali-Rural'),
(2693, 204, 'Ruhengeri'),
(2694, 213, 'Al Bahah'),
(2695, 213, 'Al Madinah'),
(2696, 213, 'Ash Sharqiyah'),
(2697, 213, 'Al Qasim'),
(2698, 213, 'Ar Riyad'),
(2699, 213, '''Asir'),
(2700, 213, 'Ha''il'),
(2701, 213, 'Makkah'),
(2702, 213, 'Al Hudud ash Shamaliyah'),
(2703, 213, 'Najran'),
(2704, 213, 'Jizan'),
(2705, 213, 'Tabuk'),
(2706, 213, 'Al Jawf'),
(2707, 206, 'Christ Church Nicholatown'),
(2708, 206, 'Saint Anne Sandy Point'),
(2709, 206, 'Saint George Basseterre'),
(2710, 206, 'Saint George Gingerland'),
(2711, 206, 'Saint James Windward'),
(2712, 206, 'Saint John Capesterre'),
(2713, 206, 'Saint John Figtree'),
(2714, 206, 'Saint Mary Cayon'),
(2715, 206, 'Saint Paul Capesterre'),
(2716, 206, 'Saint Paul Charlestown'),
(2717, 206, 'Saint Peter Basseterre'),
(2718, 206, 'Saint Thomas Lowland'),
(2719, 206, 'Saint Thomas Middle Island'),
(2720, 206, 'Trinity Palmetto Point'),
(2721, 217, 'Anse aux Pins'),
(2722, 217, 'Anse Boileau'),
(2723, 217, 'Anse Etoile'),
(2724, 217, 'Anse Louis'),
(2725, 217, 'Anse Royale'),
(2726, 217, 'Baie Lazare'),
(2727, 217, 'Baie Sainte Anne'),
(2728, 217, 'Beau Vallon'),
(2729, 217, 'Bel Air'),
(2730, 217, 'Bel Ombre'),
(2731, 217, 'Cascade'),
(2732, 217, 'Glacis'),
(2733, 217, 'Grand'' Anse'),
(2734, 217, 'La Digue'),
(2735, 217, 'La Riviere Anglaise'),
(2736, 217, 'Mont Buxton'),
(2737, 217, 'Mont Fleuri'),
(2738, 217, 'Plaisance'),
(2739, 217, 'Pointe La Rue'),
(2740, 217, 'Port Glaud'),
(2741, 217, 'Saint Louis'),
(2742, 217, 'Takamaka'),
(2743, 224, 'KwaZulu-Natal'),
(2744, 224, 'Free State'),
(2745, 224, 'Eastern Cape'),
(2746, 224, 'Gauteng'),
(2747, 224, 'Mpumalanga'),
(2748, 224, 'Northern Cape'),
(2749, 224, 'Northern Province'),
(2750, 224, 'North-West'),
(2751, 224, 'Western Cape'),
(2752, 214, 'Dakar'),
(2753, 214, 'Diourbel'),
(2754, 214, 'Saint-Louis'),
(2755, 214, 'Tambacounda'),
(2756, 214, 'Thies'),
(2757, 214, 'Louga'),
(2758, 214, 'Fatick'),
(2759, 214, 'Kaolack'),
(2760, 214, 'Kolda'),
(2761, 214, 'Ziguinchor'),
(2762, 205, 'Ascension'),
(2763, 205, 'Saint Helena'),
(2764, 205, 'Tristan da Cunha'),
(2765, 221, 'Ajdovscina'),
(2766, 221, 'Beltinci'),
(2767, 221, 'Bled'),
(2768, 221, 'Bohinj'),
(2769, 221, 'Borovnica'),
(2770, 221, 'Bovec'),
(2771, 221, 'Brda'),
(2772, 221, 'Brezice'),
(2773, 221, 'Brezovica'),
(2774, 221, 'Cankova-Tisina'),
(2775, 221, 'Celje'),
(2776, 221, 'Cerklje Na Gorenjskem'),
(2777, 221, 'Cerknica'),
(2778, 221, 'Cerkno'),
(2779, 221, 'Crensovci'),
(2780, 221, 'Crna na Koroskem'),
(2781, 221, 'Crnomelj'),
(2782, 221, 'Destrnik-Trnovska Vas'),
(2783, 221, 'Divaca'),
(2784, 221, 'Dobrepolje'),
(2785, 221, 'Dobrova-Horjul-Polhov Gradec'),
(2786, 221, 'Dol pri Ljubljani'),
(2787, 221, 'Domzale'),
(2788, 221, 'Dornava'),
(2789, 221, 'Dravograd'),
(2790, 221, 'Duplek'),
(2791, 221, 'Gorenja Vas-Poljane'),
(2792, 221, 'Gorisnica'),
(2793, 221, 'Gornja Radgona'),
(2794, 221, 'Gornji Grad'),
(2795, 221, 'Gornji Petrovci'),
(2796, 221, 'Grosuplje'),
(2797, 221, 'HodosSalovci'),
(2798, 221, 'Hrastnik'),
(2799, 221, 'Hrpelje-Kozina'),
(2800, 221, 'Idrija'),
(2801, 221, 'Ig'),
(2802, 221, 'Ilirska Bistrica'),
(2803, 221, 'Ivancna Gorica'),
(2804, 221, 'Izola'),
(2805, 221, 'Jesenice'),
(2806, 221, 'Jursinci'),
(2807, 221, 'Kamnik'),
(2808, 221, 'Kanal'),
(2809, 221, 'Kidricevo'),
(2810, 221, 'Kobarid'),
(2811, 221, 'Kobilje'),
(2812, 221, 'Kocevje'),
(2813, 221, 'Komen'),
(2814, 221, 'Koper'),
(2815, 221, 'Kozje'),
(2816, 221, 'Kranj'),
(2817, 221, 'Kranjska Gora'),
(2818, 221, 'Krsko'),
(2819, 221, 'Kungota'),
(2820, 221, 'Kuzma'),
(2821, 221, 'Lasko'),
(2822, 221, 'Lenart'),
(2823, 221, 'Lendava'),
(2824, 221, 'Litija'),
(2825, 221, 'Ljubljana'),
(2826, 221, 'Ljubno'),
(2827, 221, 'Ljutomer'),
(2828, 221, 'Logatec'),
(2829, 221, 'Loska Dolina'),
(2830, 221, 'Loski Potok'),
(2831, 221, 'Luce'),
(2832, 221, 'Lukovica'),
(2833, 221, 'Majsperk'),
(2834, 221, 'Maribor'),
(2835, 221, 'Medvode'),
(2836, 221, 'Menges'),
(2837, 221, 'Metlika'),
(2838, 221, 'Mezica'),
(2839, 221, 'Miren-Kostanjevica'),
(2840, 221, 'Mislinja'),
(2841, 221, 'Moravce'),
(2842, 221, 'Moravske Toplice'),
(2843, 221, 'Mozirje'),
(2844, 221, 'Murska Sobota'),
(2845, 221, 'Muta'),
(2846, 221, 'Naklo'),
(2847, 221, 'Nazarje'),
(2848, 221, 'Nova Gorica'),
(2849, 221, 'Novo Mesto'),
(2850, 221, 'Odranci'),
(2851, 221, 'Ormoz'),
(2852, 221, 'Osilnica'),
(2853, 221, 'Pesnica'),
(2854, 221, 'Piran'),
(2855, 221, 'Pivka'),
(2856, 221, 'Podcetrtek'),
(2857, 221, 'Podvelka-Ribnica'),
(2858, 221, 'Postojna'),
(2859, 221, 'Preddvor'),
(2860, 221, 'Ptuj'),
(2861, 221, 'Puconci'),
(2862, 221, 'Race-Fram'),
(2863, 221, 'Radece'),
(2864, 221, 'Radenci'),
(2865, 221, 'Radlje ob Dravi'),
(2866, 221, 'Radovljica'),
(2867, 221, 'Ravne-Prevalje'),
(2868, 221, 'Ribnica'),
(2869, 221, 'Rogasevci'),
(2870, 221, 'Rogaska Slatina'),
(2871, 221, 'Rogatec'),
(2872, 221, 'Ruse'),
(2873, 221, 'Semic'),
(2874, 221, 'Sencur'),
(2875, 221, 'Sentilj'),
(2876, 221, 'Sentjernej'),
(2877, 221, 'Sentjur pri Celju'),
(2878, 221, 'Sevnica'),
(2879, 221, 'Sezana'),
(2880, 221, 'Skocjan'),
(2881, 221, 'Skofja Loka'),
(2882, 221, 'Skofljica'),
(2883, 221, 'Slovenj Gradec'),
(2884, 221, 'Slovenska Bistrica'),
(2885, 221, 'Slovenske Konjice'),
(2886, 221, 'Smarje pri Jelsah'),
(2887, 221, 'Smartno ob Paki'),
(2888, 221, 'Sostanj'),
(2889, 221, 'Starse'),
(2890, 221, 'Store'),
(2891, 221, 'Sveti Jurij'),
(2892, 221, 'Tolmin'),
(2893, 221, 'Trbovlje'),
(2894, 221, 'Trebnje'),
(2895, 221, 'Trzic'),
(2896, 221, 'Turnisce'),
(2897, 221, 'Velenje'),
(2898, 221, 'Velike Lasce'),
(2899, 221, 'Videm'),
(2900, 221, 'Vipava'),
(2901, 221, 'Vitanje'),
(2902, 221, 'Vodice'),
(2903, 221, 'Vojnik'),
(2904, 221, 'Vrhnika'),
(2905, 221, 'Vuzenica'),
(2906, 221, 'Zagorje ob Savi'),
(2907, 221, 'Zalec'),
(2908, 221, 'Zavrc'),
(2909, 221, 'Zelezniki'),
(2910, 221, 'Ziri'),
(2911, 221, 'Zrece'),
(2912, 218, 'Eastern'),
(2913, 218, 'Northern'),
(2914, 218, 'Southern'),
(2915, 218, 'Western Area'),
(2916, 211, 'Acquaviva'),
(2917, 211, 'Chiesanuova'),
(2918, 211, 'Domagnano'),
(2919, 211, 'Faetano'),
(2920, 211, 'Fiorentino'),
(2921, 211, 'Borgo Maaggiore'),
(2922, 211, 'San Marino'),
(2923, 211, 'Monte Giardino'),
(2924, 211, 'Serravalle'),
(2925, 223, 'Bakool'),
(2926, 223, 'Banaadir'),
(2927, 223, 'Bari'),
(2928, 223, 'Bay'),
(2929, 223, 'Galguduud'),
(2930, 223, 'Gedo'),
(2931, 223, 'Hiiraan'),
(2932, 223, 'Jubbada Dhexe'),
(2933, 223, 'Jubbada Hoose'),
(2934, 223, 'Mudug'),
(2935, 223, 'Nugaal'),
(2936, 223, 'Sanaag'),
(2937, 223, 'Shabeellaha Dhexe'),
(2938, 223, 'Shabeellaha Hoose'),
(2939, 223, 'Togdheer'),
(2940, 223, 'Woqooyi Galbeed'),
(2941, 226, 'Islas Baleares'),
(2942, 226, 'La Rioja'),
(2943, 226, 'Madrid'),
(2944, 226, 'Murcia'),
(2945, 226, 'Navarra'),
(2946, 226, 'Asturias'),
(2947, 226, 'Cantabria'),
(2948, 226, 'Andalucia'),
(2949, 226, 'Aragon'),
(2950, 226, 'Canarias'),
(2951, 226, 'Castilla-La Mancha'),
(2952, 226, 'Castilla y Leon'),
(2953, 226, 'Cataluña'),
(2954, 226, 'Extremadura'),
(2955, 226, 'Galicia'),
(2956, 226, 'Pais Vasco'),
(2957, 226, 'Valenciana'),
(2958, 271, 'Vojvodina'),
(2959, 207, 'Anse-la-Raye'),
(2960, 207, 'Dauphin'),
(2961, 207, 'Castries'),
(2962, 207, 'Choiseul'),
(2963, 207, 'Dennery'),
(2964, 207, 'Gros-Islet'),
(2965, 207, 'Laborie'),
(2966, 207, 'Micoud'),
(2967, 207, 'Soufriere'),
(2968, 207, 'Vieux-Fort'),
(2969, 207, 'Praslin'),
(2970, 229, 'A''ali an Nil'),
(2971, 229, 'Al Khartum'),
(2972, 229, 'Ash Shamaliyah'),
(2973, 229, 'Al Babr al Ahmar'),
(2974, 229, 'Al Buhayrat'),
(2975, 229, 'Al Jazirah'),
(2976, 229, 'Al Qadarif'),
(2977, 229, 'Al Wahdah'),
(2978, 229, 'An Nil al Abyad'),
(2979, 229, 'An Nil al Azraq'),
(2980, 229, 'Bahr al Jabal'),
(2981, 229, 'Gharb al Istiwa''iyah'),
(2982, 229, 'Gharb Bahr al Ghazal'),
(2983, 229, 'Gharb Darfur'),
(2984, 229, 'Gharb Kurdufan'),
(2985, 229, 'Janub Darfur'),
(2986, 229, 'Janub Kurdufan'),
(2987, 229, 'Junqali'),
(2988, 229, 'Kassala'),
(2989, 229, 'Nahr an Nil'),
(2990, 229, 'Shamal Bahr al Ghazal'),
(2991, 229, 'Shamal Darfur'),
(2992, 229, 'Shamal Kurdufan'),
(2993, 229, 'Sharq al Istiwa''iyah'),
(2994, 229, 'Sinnar'),
(2995, 229, 'Warab'),
(2996, 233, 'Blekinge Lan'),
(2997, 233, 'Gavleborgs Lan'),
(2998, 233, 'Gotlands Lan'),
(2999, 233, 'Hallands Lan'),
(3000, 233, 'Jamtlands Lan'),
(3001, 233, 'Jonkopings Lan'),
(3002, 233, 'Kalmar Lan'),
(3003, 233, 'Dalarnas Lan'),
(3004, 233, 'Kronobergs Lan'),
(3005, 233, 'Norrbottens Lan'),
(3006, 233, 'Orebro Lan'),
(3007, 233, 'Ostergotlands Lan'),
(3008, 233, 'Sodermanlands Lan'),
(3009, 233, 'Uppsala Lan'),
(3010, 233, 'Varmlands Lan'),
(3011, 233, 'Vasterbottens Lan'),
(3012, 233, 'Vasternorrlands Lan'),
(3013, 233, 'Vastmanlands Lan'),
(3014, 233, 'Stockholms Lan'),
(3015, 233, 'Skane Lan'),
(3016, 233, 'Vastra Gotaland'),
(3017, 235, 'Al Hasakah'),
(3018, 235, 'Al Ladhiqiyah'),
(3019, 235, 'Al Qunaytirah'),
(3020, 235, 'Ar Raqqah'),
(3021, 235, 'As Suwayda'''),
(3022, 235, 'Dar''a'),
(3023, 235, 'Dayr az Zawr'),
(3024, 235, 'Rif Dimashq'),
(3025, 235, 'Halab'),
(3026, 235, 'Hamah'),
(3027, 235, 'Hims'),
(3028, 235, 'Idlib'),
(3029, 235, 'Dimashq'),
(3030, 235, 'Tartus'),
(3031, 234, 'Aargau'),
(3032, 234, 'Ausser-Rhoden'),
(3033, 234, 'Basel-Landschaft'),
(3034, 234, 'Basel-Stadt'),
(3035, 234, 'Bern'),
(3036, 234, 'Fribourg'),
(3037, 234, 'Geneve'),
(3038, 234, 'Glarus'),
(3039, 234, 'Graubunden'),
(3040, 234, 'Inner-Rhoden'),
(3041, 234, 'Luzern'),
(3042, 234, 'Neuchatel'),
(3043, 234, 'Nidwalden'),
(3044, 234, 'Obwalden'),
(3045, 234, 'Sankt Gallen'),
(3046, 234, 'Schaffhausen'),
(3047, 234, 'Schwyz'),
(3048, 234, 'Solothurn'),
(3049, 234, 'Thurgau'),
(3050, 234, 'Ticino'),
(3051, 234, 'Uri'),
(3052, 234, 'Valais'),
(3053, 234, 'Vaud'),
(3054, 234, 'Zug'),
(3055, 234, 'Zurich'),
(3056, 234, 'Jura'),
(3057, 243, 'Arima'),
(3058, 243, 'Caroni'),
(3059, 243, 'Mayaro'),
(3060, 243, 'Nariva'),
(3061, 243, 'Port-of-Spain'),
(3062, 243, 'Saint Andrew'),
(3063, 243, 'Saint David'),
(3064, 243, 'Saint George'),
(3065, 243, 'Saint Patrick'),
(3066, 243, 'San Fernando'),
(3067, 243, 'Tobago'),
(3068, 243, 'Victoria'),
(3069, 239, 'Mae Hong Son'),
(3070, 239, 'Chiang Mai'),
(3071, 239, 'Chiang Rai'),
(3072, 239, 'Nan'),
(3073, 239, 'Lamphun'),
(3074, 239, 'Lampang'),
(3075, 239, 'Phrae'),
(3076, 239, 'Tak'),
(3077, 239, 'Sukhothai'),
(3078, 239, 'Uttaradit'),
(3079, 239, 'Kamphaeng Phet'),
(3080, 239, 'Phitsanulok'),
(3081, 239, 'Phichit'),
(3082, 239, 'Phetchabun'),
(3083, 239, 'Uthai Thani'),
(3084, 239, 'Nakhon Sawan'),
(3085, 239, 'Nong Khai'),
(3086, 239, 'Loei'),
(3087, 239, 'Udon Thani'),
(3088, 239, 'Sakon Nakhon'),
(3089, 239, 'Nakhon Phanom'),
(3090, 239, 'Khon Kaen'),
(3091, 239, 'Kalasin'),
(3092, 239, 'Maha Sarakham'),
(3093, 239, 'Roi Et'),
(3094, 239, 'Chaiyaphum'),
(3095, 239, 'Nakhon Ratchasima'),
(3096, 239, 'Buriram'),
(3097, 239, 'Surin'),
(3098, 239, 'Sisaket'),
(3099, 239, 'Narathiwat'),
(3100, 239, 'Chai Nat'),
(3101, 239, 'Sing Buri'),
(3102, 239, 'Lop Buri'),
(3103, 239, 'Ang Thong'),
(3104, 239, 'Phra Nakhon Si Ayutthaya'),
(3105, 239, 'Sara Buri'),
(3106, 239, 'Nonthaburi'),
(3107, 239, 'Pathum Thani'),
(3108, 239, 'Krung Thep Mahanakhon'),
(3109, 239, 'Phayao'),
(3110, 239, 'Samut Prakan'),
(3111, 239, 'Nakhon Nayok'),
(3112, 239, 'Chachoengsao'),
(3113, 239, 'Prachin Buri'),
(3114, 239, 'Chon Buri'),
(3115, 239, 'Rayong'),
(3116, 239, 'Chanthaburi'),
(3117, 239, 'Trat'),
(3118, 239, 'Kanchanaburi'),
(3119, 239, 'Suphan Buri'),
(3120, 239, 'Ratchaburi'),
(3121, 239, 'Nakhon Pathom'),
(3122, 239, 'Samut Songkhram'),
(3123, 239, 'Samut Sakhon'),
(3124, 239, 'Phetchaburi'),
(3125, 239, 'Prachuap Khiri Khan'),
(3126, 239, 'Chumphon'),
(3127, 239, 'Ranong'),
(3128, 239, 'Surat Thani'),
(3129, 239, 'Phangnga'),
(3130, 239, 'Phuket'),
(3131, 239, 'Krabi'),
(3132, 239, 'Nakon Si Thammarat'),
(3133, 239, 'Trang'),
(3134, 239, 'Phatthalung'),
(3135, 239, 'Satun'),
(3136, 239, 'Songkhla'),
(3137, 239, 'Pattani'),
(3138, 239, 'Yala'),
(3139, 239, 'Yasothon'),
(3140, 239, 'Ubon Ratchanthani'),
(3141, 239, 'Amnat Charoen'),
(3142, 239, 'Mukdahan'),
(3143, 239, 'Nong Bua Lamphu'),
(3144, 239, 'Sa Kaeo'),
(3145, 237, 'Kuhistoni Badakhshon'),
(3146, 237, 'Khatlon'),
(3147, 237, 'Leninobod'),
(3148, 242, 'Ha''apai'),
(3149, 242, 'Tongatapu'),
(3150, 242, 'Vava''u'),
(3151, 212, 'Principe'),
(3152, 212, 'Sao Tome'),
(3153, 245, 'Al Qasrayn'),
(3154, 245, 'Al Qayrawan'),
(3155, 245, 'Jundubah'),
(3156, 245, 'Al Kaf'),
(3157, 245, 'Al Mahdiyah'),
(3158, 245, 'Al Munastir'),
(3159, 245, 'Bajah'),
(3160, 245, 'Banzart'),
(3161, 245, 'Nabul'),
(3162, 245, 'Silyanah'),
(3163, 245, 'Susah'),
(3164, 245, 'Aryanah'),
(3165, 245, 'Bin ''Arus'),
(3166, 245, 'Madanin'),
(3167, 245, 'Qabis'),
(3168, 245, 'Qafsah'),
(3169, 245, 'Qibili'),
(3170, 245, 'Safaqi'),
(3171, 245, 'Sidi Bu Zayd'),
(3172, 245, 'Tatawin'),
(3173, 245, 'Tawzar'),
(3174, 245, 'Tunis'),
(3175, 245, 'Zaghwan'),
(3176, 246, 'Adana'),
(3177, 246, 'Adiyaman'),
(3178, 246, 'Afyon'),
(3179, 246, 'Agri'),
(3180, 246, 'Amasya'),
(3181, 246, 'Antalya'),
(3182, 246, 'Artvin'),
(3183, 246, 'Aydin'),
(3184, 246, 'Balikesir'),
(3185, 246, 'Bilecik'),
(3186, 246, 'Bingol'),
(3187, 246, 'Bitlis'),
(3188, 246, 'Bolu'),
(3189, 246, 'Burdur'),
(3190, 246, 'Bursa'),
(3191, 246, 'Canakkale'),
(3192, 246, 'Cankiri'),
(3193, 246, 'Corum'),
(3194, 246, 'Denizli'),
(3195, 246, 'Diyarbakir'),
(3196, 246, 'Edirne'),
(3197, 246, 'Elazig'),
(3198, 246, 'Erzincan'),
(3199, 246, 'Erzurum'),
(3200, 246, 'Eskisehir'),
(3201, 246, 'Gaziantep'),
(3202, 246, 'Giresun'),
(3203, 246, 'Hatay'),
(3204, 246, 'Icel'),
(3205, 246, 'Isparta'),
(3206, 246, 'Istanbul'),
(3207, 246, 'Izmir'),
(3208, 246, 'Kars'),
(3209, 246, 'Kastamonu'),
(3210, 246, 'Kayseri'),
(3211, 246, 'Kirklareli'),
(3212, 246, 'Kirsehir'),
(3213, 246, 'Kocaeli'),
(3214, 246, 'Kutahya'),
(3215, 246, 'Malatya'),
(3216, 246, 'Manisa'),
(3217, 246, 'Kahramanmaras'),
(3218, 246, 'Mugla'),
(3219, 246, 'Mus'),
(3220, 246, 'Nevsehir'),
(3221, 246, 'Ordu'),
(3222, 246, 'Rize'),
(3223, 246, 'Sakarya'),
(3224, 246, 'Samsun'),
(3225, 246, 'Sinop'),
(3226, 246, 'Sivas'),
(3227, 246, 'Tekirdag'),
(3228, 246, 'Tokat'),
(3229, 246, 'Trabzon'),
(3230, 246, 'Tunceli'),
(3231, 246, 'Sanliurfa'),
(3232, 246, 'Usak'),
(3233, 246, 'Van'),
(3234, 246, 'Yozgat'),
(3235, 246, 'Zonguldak'),
(3236, 246, 'Ankara'),
(3237, 246, 'Gumushane'),
(3238, 246, 'Hakkari'),
(3239, 246, 'Konya'),
(3240, 246, 'Mardin'),
(3241, 246, 'Nigde'),
(3242, 246, 'Siirt'),
(3243, 246, 'Aksaray'),
(3244, 246, 'Batman'),
(3245, 246, 'Bayburt'),
(3246, 246, 'Karaman'),
(3247, 246, 'Kirikkale'),
(3248, 246, 'Sirnak'),
(3249, 236, 'Fu-chien'),
(3250, 236, 'Kao-hsiung'),
(3251, 236, 'T''ai-pei'),
(3252, 236, 'T''ai-wan'),
(3253, 238, 'Arusha'),
(3254, 238, 'Dar es Salaam'),
(3255, 238, 'Dodoma'),
(3256, 238, 'Iringa'),
(3257, 238, 'Kigoma'),
(3258, 238, 'Kilimanjaro'),
(3259, 238, 'Lindi'),
(3260, 238, 'Mara'),
(3261, 238, 'Mbeya'),
(3262, 238, 'Morogoro'),
(3263, 238, 'Mtwara'),
(3264, 238, 'Mwanza'),
(3265, 238, 'Pemba North'),
(3266, 238, 'Ruvuma'),
(3267, 238, 'Shinyanga'),
(3268, 238, 'Singida'),
(3269, 238, 'Tabora'),
(3270, 238, 'Tanga'),
(3271, 238, 'Kagera'),
(3272, 238, 'Pemba South'),
(3273, 238, 'Zanzibar Central//South'),
(3274, 238, 'Zanzibar North'),
(3275, 238, 'Rukwa'),
(3276, 238, 'Zanzibar Urban//West'),
(3277, 250, 'Apac'),
(3278, 250, 'Arua'),
(3279, 250, 'Bundibogyo'),
(3280, 250, 'Bushenyi'),
(3281, 250, 'Gulu'),
(3282, 250, 'Hoima'),
(3283, 250, 'Iganga'),
(3284, 250, 'Jinja'),
(3285, 250, 'Kabale'),
(3286, 250, 'Kabarole'),
(3287, 250, 'Kalangala'),
(3288, 250, 'Kampala'),
(3289, 250, 'Kamuli'),
(3290, 250, 'Kapchorwa'),
(3291, 250, 'Kasese'),
(3292, 250, 'Kibale'),
(3293, 250, 'Kiboga'),
(3294, 250, 'Kisoro'),
(3295, 250, 'Kitgum'),
(3296, 250, 'Kotido'),
(3297, 250, 'Kumi'),
(3298, 250, 'Lira'),
(3299, 250, 'Luwero'),
(3300, 250, 'Masaka'),
(3301, 250, 'Masindi'),
(3302, 250, 'Mbale'),
(3303, 250, 'Mbarara'),
(3304, 250, 'Moroto'),
(3305, 250, 'Moyo'),
(3306, 250, 'Mpigi'),
(3307, 250, 'Mubende'),
(3308, 250, 'Mukono'),
(3309, 250, 'Nebbi'),
(3310, 250, 'Ntungamo'),
(3311, 250, 'Pallisa'),
(3312, 250, 'Rakai'),
(3313, 250, 'Rukungiri'),
(3314, 250, 'Soroti'),
(3315, 250, 'Tororo'),
(3316, 251, 'Cherkas''ka Oblast'''),
(3317, 251, 'Chernihivs''ka Oblast'''),
(3318, 251, 'Chernivets''ka Oblast'''),
(3319, 251, 'Dnipropetrovs''ka Oblast'''),
(3320, 251, 'Donets''ka Oblast'''),
(3321, 251, 'Ivano-Frankivs''ka Oblast'''),
(3322, 251, 'Kharkivs''ka Oblast'''),
(3323, 251, 'Khersons''ka Oblast'''),
(3324, 251, 'Khmel''nyts''ka Oblast'''),
(3325, 251, 'Kirovohrads''ka Oblast'''),
(3326, 251, 'Avtonomna Respublika Krym'),
(3327, 251, 'Misto Kyyiv'),
(3328, 251, 'Kyyivs''ka Oblast'''),
(3329, 251, 'Luhans''ka Oblast'''),
(3330, 251, 'L''vivs''ka Oblast'''),
(3331, 251, 'Mykolayivs''ka Oblast'''),
(3332, 251, 'Odes''ka Oblast'),
(3333, 251, 'Poltavs''ka Oblast'''),
(3334, 251, 'Rivnens''ka Oblast'''),
(3335, 251, 'Misto Sevastopol'),
(3336, 251, 'Sums''ka Oblast'''),
(3337, 251, 'Ternopil''s''ka Oblast'''),
(3338, 251, 'Vinnyts''ka Oblast'''),
(3339, 251, 'Volyns''ka Oblast'''),
(3340, 251, 'Zakarpats''ka Oblast'''),
(3341, 251, 'Zaporiz''ka Oblast'''),
(3342, 251, 'Zhytomyrs''ka Oblast'''),
(3343, 38, 'Bam'),
(3344, 38, 'Bazega'),
(3345, 38, 'Bougouriba'),
(3346, 38, 'Boulgou'),
(3347, 38, 'Boulkiemde'),
(3348, 38, 'Ganzourgou'),
(3349, 38, 'Gnagna'),
(3350, 38, 'Gourma'),
(3351, 38, 'Houe'),
(3352, 38, 'Kadiogo'),
(3353, 38, 'Kenedougou'),
(3354, 38, 'Komoe'),
(3355, 38, 'Kossi'),
(3356, 38, 'Kouritenga'),
(3357, 38, 'Mouhoun'),
(3358, 38, 'Namentenga'),
(3359, 38, 'Naouri'),
(3360, 38, 'Oubritenga'),
(3361, 38, 'Oudalan'),
(3362, 38, 'Passore'),
(3363, 38, 'Poni'),
(3364, 38, 'Sanguie'),
(3365, 38, 'Sanmatenga'),
(3366, 38, 'Seno'),
(3367, 38, 'Sissili'),
(3368, 38, 'Soum'),
(3369, 38, 'Sourou'),
(3370, 38, 'Tapoa'),
(3371, 38, 'Yatenga'),
(3372, 38, 'Zoundweogo'),
(3373, 256, 'Artigas'),
(3374, 256, 'Canelones'),
(3375, 256, 'Cerro Largo'),
(3376, 256, 'Colonia'),
(3377, 256, 'Durazno'),
(3378, 256, 'Flores'),
(3379, 256, 'Florida'),
(3380, 256, 'Lavalleja'),
(3381, 256, 'Maldonado'),
(3382, 256, 'Montevideo'),
(3383, 256, 'Paysandu'),
(3384, 256, 'Rio Negro'),
(3385, 256, 'Rivera'),
(3386, 256, 'Rocha'),
(3387, 256, 'Salto'),
(3388, 256, 'San Jose'),
(3389, 256, 'Soriano'),
(3390, 256, 'Tacuarembo'),
(3391, 256, 'Treinta y Tres'),
(3392, 257, 'Andijon'),
(3393, 257, 'Bukhoro'),
(3394, 257, 'Farghona'),
(3395, 257, 'Jizzakh'),
(3396, 257, 'Khorazm'),
(3397, 257, 'Namangan'),
(3398, 257, 'Nawoiy'),
(3399, 257, 'Qashqadaryo'),
(3400, 257, 'Qoraqalpoghiston'),
(3401, 257, 'Samarqand'),
(3402, 257, 'Sirdaryo'),
(3403, 257, 'Surkhondaryo'),
(3404, 257, 'Toshkent'),
(3405, 209, 'Charlotte'),
(3406, 209, 'Saint Andrew'),
(3407, 209, 'Saint David'),
(3408, 209, 'Saint George'),
(3409, 209, 'Saint Patrick'),
(3410, 209, 'Grenadines'),
(3411, 259, 'Amazonas'),
(3412, 259, 'Anzoategui'),
(3413, 259, 'Apure'),
(3414, 259, 'Aragua'),
(3415, 259, 'Barinas'),
(3416, 259, 'Bolivar'),
(3417, 259, 'Carabobo'),
(3418, 259, 'Cojedes'),
(3419, 259, 'Delta Amacuro'),
(3420, 259, 'Distrito Federal'),
(3421, 259, 'Falcon'),
(3422, 259, 'Guarico'),
(3423, 259, 'Lara'),
(3424, 259, 'Merida'),
(3425, 259, 'Miranda'),
(3426, 259, 'Monagas'),
(3427, 259, 'Nueva Esparta'),
(3428, 259, 'Portuguesa'),
(3429, 259, 'Sucre'),
(3430, 259, 'Tachira'),
(3431, 259, 'Trujillo'),
(3432, 259, 'Yaracuy'),
(3433, 259, 'Zulia'),
(3434, 259, 'Dependencias Federales'),
(3435, 260, 'An Giang'),
(3436, 260, 'Ben Tre'),
(3437, 260, 'Cao Bang'),
(3438, 260, 'Dak Lak'),
(3439, 260, 'Dong Thap'),
(3440, 260, 'Hai Phong'),
(3441, 260, 'Ha Noi'),
(3442, 260, 'Ho Chi Minh'),
(3443, 260, 'Kien Giang'),
(3444, 260, 'Lai Chau'),
(3445, 260, 'Lam Dong'),
(3446, 260, 'Long An'),
(3447, 260, 'Quang Ninh'),
(3448, 260, 'Son La'),
(3449, 260, 'Tay Ninh'),
(3450, 260, 'Thanh Hoa'),
(3451, 260, 'Thai Binh'),
(3452, 260, 'Tien Giang'),
(3453, 260, 'Lang Son'),
(3454, 260, 'Dong Nai'),
(3455, 260, 'Ba Ria-Vung Tau'),
(3456, 260, 'Binh Dinh'),
(3457, 260, 'Binh Thuan'),
(3458, 260, 'Can Tho'),
(3459, 260, 'Gia Lai'),
(3460, 260, 'Ha Giang'),
(3461, 260, 'Ha Tay'),
(3462, 260, 'Ha Tinh'),
(3463, 260, 'Hoa Binh'),
(3464, 260, 'Khanh Hoa'),
(3465, 260, 'Kon Tum'),
(3466, 260, 'Lao Cai'),
(3467, 260, 'Nghe An'),
(3468, 260, 'Ninh Binh'),
(3469, 260, 'Ninh Thuan'),
(3470, 260, 'Phu Yen'),
(3471, 260, 'Quang Binh'),
(3472, 260, 'Quang Ngai'),
(3473, 260, 'Quang Tri'),
(3474, 260, 'Soc Trang'),
(3475, 260, 'Thura Thien-Hue'),
(3476, 260, 'Tra Vinh'),
(3477, 260, 'Tuyen Quang'),
(3478, 260, 'Vinh Long'),
(3479, 260, 'Yen Bai'),
(3480, 260, 'Bac Giang'),
(3481, 260, 'Bac Kan'),
(3482, 260, 'Bac Lieu'),
(3483, 260, 'Bac Ninh'),
(3484, 260, 'Bin Duong'),
(3485, 260, 'Bin Phuoc'),
(3486, 260, 'Ca Mau'),
(3487, 260, 'Da Nang'),
(3488, 260, 'Hai Duong'),
(3489, 260, 'Ha Nam'),
(3490, 260, 'Hung Yen'),
(3491, 260, 'Nam Dinh'),
(3492, 260, 'Phu Tho'),
(3493, 260, 'Quang Nam'),
(3494, 260, 'Thai Nguyen'),
(3495, 260, 'Vinh Phuc'),
(3496, 171, 'Khomas'),
(3497, 171, 'Caprivi'),
(3498, 171, 'Erongo'),
(3499, 171, 'Hardap'),
(3500, 171, 'Karas'),
(3501, 171, 'Kunene'),
(3502, 171, 'Ohangwena'),
(3503, 171, 'Okavango'),
(3504, 171, 'Omaheke'),
(3505, 171, 'Omusati'),
(3506, 171, 'Oshana'),
(3507, 171, 'Oshikoto'),
(3508, 171, 'Otjozondjupa'),
(3509, 210, 'A''ana'),
(3510, 210, 'Aiga-i-le-Tai'),
(3511, 210, 'Atua'),
(3512, 210, 'Fa''asaleleaga'),
(3513, 210, 'Gaga''emauga'),
(3514, 210, 'Va''a-o-Fonoti'),
(3515, 210, 'Gagaifomauga'),
(3516, 210, 'Palauli'),
(3517, 210, 'Satupa''itea'),
(3518, 210, 'Tuamasaga'),
(3519, 210, 'Vaisigano'),
(3520, 232, 'Hhohho'),
(3521, 232, 'Lubombo'),
(3522, 232, 'Manzini'),
(3523, 232, 'Shiselweni'),
(3524, 270, 'Abyan'),
(3525, 270, '''Adan'),
(3526, 270, 'Al Mahrah'),
(3527, 270, 'Hadramawt'),
(3528, 270, 'Shabwah'),
(3529, 270, 'Lahij'),
(3530, 270, 'Al Bayda'''),
(3531, 270, 'Al Hudaydah'),
(3532, 270, 'Al Jawf'),
(3533, 270, 'Al Mahwit'),
(3534, 270, 'Dhamar'),
(3535, 270, 'Hajjah'),
(3536, 270, 'Ibb'),
(3537, 270, 'Ma''rib'),
(3538, 270, 'Sa''dah'),
(3539, 270, 'San''a'''),
(3540, 270, 'Ta''izz'),
(3541, 273, 'North-Western'),
(3542, 273, 'Copperbelt'),
(3543, 273, 'Western'),
(3544, 273, 'Southern'),
(3545, 273, 'Central'),
(3546, 273, 'Eastern'),
(3547, 273, 'Northern'),
(3548, 273, 'Luapula'),
(3549, 273, 'Lusaka'),
(3550, 274, 'Manicaland'),
(3551, 274, 'Midlands'),
(3552, 274, 'Mashonaland Central'),
(3553, 274, 'Mashonaland East'),
(3554, 274, 'Mashonaland West'),
(3555, 274, 'Matabeleland North'),
(3556, 274, 'Matabeleland South'),
(3557, 274, 'Masvingo'),
(3558, 178, 'Auckland'),
(3559, 178, 'Wellington'),
(3560, 178, 'Canterbury'),
(3561, 178, 'Bay of Plenty'),
(3562, 178, 'Northland'),
(3563, 178, 'Otago'),
(3564, 8, 'Enderby Land'),
(3565, 8, 'Ross Island'),
(3566, 178, 'Chatham Islands'),
(3567, 81, 'Etela-Suomen Laani'),
(3568, 156, 'Nouakchott'),
(3569, 43, 'Nunavut'),
(3570, 252, 'United Arab Emigrates (general)'),
(3571, 252, 'Abu Zaby'),
(3572, 252, '''Ajman'),
(3573, 252, 'Dubayy'),
(3574, 252, 'Al Fujayrah'),
(3575, 252, 'Ra''s al Khaymah'),
(3576, 252, 'Ash Shariqah'),
(3577, 252, 'Umm al Qaywayn'),
(3578, 178, 'Gisborne'),
(3579, 178, 'Nelson'),
(3580, 178, 'Tasman'),
(3581, 178, 'Wanganui-Manawatu'),
(3582, 178, 'West Coast'),
(3583, 81, 'Ita-Suomen Laani'),
(3584, 81, 'Lansi-Suomen Laani'),
(3585, 271, 'Yugoslavia'),
(3586, 61, 'Bjelovarsko-Bilogorska'),
(3587, 61, 'Brodsko-Posavka'),
(3588, 61, 'Dubrovacko-Neretvanska'),
(3589, 61, 'Istarska'),
(3590, 61, 'Karlovacka'),
(3591, 61, 'Koprivnicko-Krizevacka'),
(3592, 61, 'Krapinsko-Zagorska'),
(3593, 61, 'Licko-Senjska'),
(3594, 61, 'Medimurska'),
(3595, 61, 'Osjecko-Baranjska'),
(3596, 61, 'Pozesko-Slavonska'),
(3597, 61, 'Primorsko-Goranska'),
(3598, 61, 'Sibensko-Kninska'),
(3599, 61, 'Sisacko-Moslavacka'),
(3600, 61, 'Splitsko-Dalmatinska'),
(3601, 61, 'Varazdinska'),
(3602, 61, 'Viroviticko-Podravska'),
(3603, 61, 'Vukovarsko-Srijemska'),
(3604, 61, 'Zadarska'),
(3605, 61, 'Zagrebacka'),
(3606, 61, 'Grad Zagreb'),
(3607, 176, 'Curacao'),
(3608, 176, 'Bonaire'),
(3609, 176, 'St Maarten'),
(3610, 24, 'Brussels'),
(3611, 5, 'Escaldes-Engordany'),
(3612, 247, 'Ahal'),
(3613, 247, 'Balkan'),
(3614, 247, 'Dashhowuz'),
(3615, 247, 'Lebap'),
(3616, 247, 'Mary'),
(3617, 41, 'Pailin'),
(3618, 70, 'Orellana'),
(3619, 114, 'Maluku Utara'),
(3620, 259, 'Vargas'),
(3621, 271, 'Crna Gora (Montenegro)'),
(3622, 271, 'Srbija (Serbia)'),
(3623, 55, 'Maniema'),
(3624, 55, 'Nord-Kivu'),
(3625, 55, 'Sud-Kivu'),
(3626, 126, 'Ajlun'),
(3627, 126, 'Al Aqabah'),
(3628, 126, 'Jarash'),
(3629, 126, 'Madaba'),
(3630, 258, 'Malampa'),
(3631, 258, 'Penama'),
(3632, 258, 'Shefa'),
(3633, 181, 'Bayelsa'),
(3634, 181, 'Ebonyi'),
(3635, 181, 'Ekiti'),
(3636, 181, 'Gombe'),
(3637, 181, 'Nassarawa'),
(3638, 181, 'Zamfara'),
(3639, 163, 'Lapusna'),
(3640, 163, 'Tighina'),
(3641, 37, 'Blagoevgrad'),
(3642, 37, 'Dobrich'),
(3643, 37, 'Gabrovo'),
(3644, 37, 'Kurdzhali'),
(3645, 37, 'Kyustendil'),
(3646, 37, 'Pazardzhik'),
(3647, 37, 'Pernik'),
(3648, 37, 'Pleven'),
(3649, 37, 'Ruse'),
(3650, 37, 'Shumen'),
(3651, 37, 'Silistra'),
(3652, 37, 'Sliven'),
(3653, 37, 'Smolyan'),
(3654, 37, 'Stara Zagora'),
(3655, 37, 'Turgovishte'),
(3656, 37, 'Veliko Turnovo'),
(3657, 37, 'Vidin'),
(3658, 37, 'Vratsa'),
(3659, 37, 'Yambol'),
(3660, 115, 'Golestan'),
(3661, 115, 'Qazvin'),
(3662, 115, 'Qom'),
(3663, 246, 'Ardahan'),
(3664, 246, 'Bartin'),
(3665, 246, 'Igdir'),
(3666, 246, 'Karabuk'),
(3667, 246, 'Kilis'),
(3668, 246, 'Osmaniye'),
(3669, 246, 'Yalova'),
(3670, 18, 'Ar Rifa'' wa al Mintaqah al Janubiyah'),
(3671, 30, 'Republika Srpska'),
(3672, 30, 'Federation of Bosnia and Herzegovina'),
(3673, 135, 'Batken'),
(3674, 132, 'P''yongan-bukto'),
(3675, 203, 'Tyva'),
(3676, 64, 'Jihomoravsky Kraj'),
(3677, 64, 'Jihocesky Kraj'),
(3678, 64, 'Vysocina'),
(3679, 64, 'Karlovarsky Kraj'),
(3680, 64, 'Kralovehradecky Kraj'),
(3681, 64, 'Liberecky Kraj'),
(3682, 64, 'Olomoucky Kraj'),
(3683, 64, 'Moravskoslezsky Kraj'),
(3684, 64, 'Pardubicky Kraj'),
(3685, 64, 'Plzensky Kraj'),
(3686, 64, 'Stredocesky Kraj'),
(3687, 64, 'Ustecky Kraj'),
(3688, 64, 'Zlinsky Kraj'),
(3689, 146, 'Aracinovo'),
(3690, 146, 'Bac'),
(3691, 146, 'Belcista'),
(3692, 146, 'Berovo'),
(3693, 146, 'Bistrica'),
(3694, 146, 'Bitola'),
(3695, 146, 'Blatec'),
(3696, 146, 'Bogdanci'),
(3697, 146, 'Bogomila'),
(3698, 146, 'Bogovinje'),
(3699, 146, 'Bosilovo'),
(3700, 146, 'Brvenica'),
(3701, 146, 'Cair'),
(3702, 146, 'Capari'),
(3703, 146, 'Caska'),
(3704, 146, 'Cegrane'),
(3705, 146, 'Centar'),
(3706, 146, 'Centar Zupa'),
(3707, 146, 'Cesinovo'),
(3708, 146, 'Cucer-Sandevo'),
(3709, 146, 'Debar'),
(3710, 146, 'Delcevo'),
(3711, 146, 'Delogozdi'),
(3712, 146, 'Demir Hisar'),
(3713, 146, 'Demir Kapija'),
(3714, 146, 'Dobrusevo'),
(3715, 146, 'Dolna Banjica'),
(3716, 146, 'Dolneni'),
(3717, 146, 'Dorce Petrov'),
(3718, 146, 'Drugovo'),
(3719, 146, 'Dzepciste'),
(3720, 146, 'Gazi Baba'),
(3721, 146, 'Gevgelija'),
(3722, 146, 'Gostivar'),
(3723, 146, 'Gradsko'),
(3724, 146, 'Ilinden'),
(3725, 146, 'Izvor'),
(3726, 146, 'Jegunovce'),
(3727, 146, 'Kamenjane'),
(3728, 146, 'Karbinci'),
(3729, 146, 'Karpos'),
(3730, 146, 'Kavadarci'),
(3731, 146, 'Kicevo'),
(3732, 146, 'Kisela Voda'),
(3733, 146, 'Klecevce'),
(3734, 146, 'Kocani'),
(3735, 146, 'Konce'),
(3736, 146, 'Kondovo'),
(3737, 146, 'Konopiste'),
(3738, 146, 'Kosel'),
(3739, 146, 'Kartovo'),
(3740, 146, 'Kriva Palanka'),
(3741, 146, 'Krivogastani'),
(3742, 146, 'Krusevo'),
(3743, 146, 'Kuklis'),
(3744, 146, 'Kukurecani'),
(3745, 146, 'Kumanovo'),
(3746, 146, 'Labunista'),
(3747, 146, 'Lipkovo'),
(3748, 146, 'Lozovo'),
(3749, 146, 'Lukovo'),
(3750, 146, 'Makedonska Kamenica'),
(3751, 146, 'Makedonski Brod'),
(3752, 146, 'Mavrovi Anovi'),
(3753, 146, 'Meseista'),
(3754, 146, 'Miravci'),
(3755, 146, 'Mogila'),
(3756, 146, 'Murtino'),
(3757, 146, 'Negotino'),
(3758, 146, 'Negotino-Polosko'),
(3759, 146, 'Novaci'),
(3760, 146, 'Novo Selo'),
(3761, 146, 'Oblesevo'),
(3762, 146, 'Ohrid'),
(3763, 146, 'Orasac'),
(3764, 146, 'Orizari'),
(3765, 146, 'Oslomej'),
(3766, 146, 'Pehcevo'),
(3767, 146, 'Petrovec'),
(3768, 146, 'Plasnica'),
(3769, 146, 'Podares'),
(3770, 146, 'Prilep'),
(3771, 146, 'Probistip'),
(3772, 146, 'Radovis'),
(3773, 146, 'Rankovce'),
(3774, 146, 'Resen'),
(3775, 146, 'Rosoman'),
(3776, 146, 'Rostusa'),
(3777, 146, 'Samokov'),
(3778, 146, 'Saraj'),
(3779, 146, 'Sipkovica'),
(3780, 146, 'Sopiste'),
(3781, 146, 'Sopotnica'),
(3782, 146, 'Srbinovo'),
(3783, 146, 'Staravina'),
(3784, 146, 'Star Dojran'),
(3785, 146, 'Star Nagoricane'),
(3786, 146, 'Stip'),
(3787, 146, 'Struga'),
(3788, 146, 'Strumica'),
(3789, 146, 'Studenicani'),
(3790, 146, 'Suto Orizari'),
(3791, 146, 'Sveti Nikole'),
(3792, 146, 'Tearce'),
(3793, 146, 'Tetovo'),
(3794, 146, 'Topolcani'),
(3795, 146, 'Valandovo'),
(3796, 146, 'Vasilevo'),
(3797, 146, 'Veles'),
(3798, 146, 'Velesta'),
(3799, 146, 'Vevcani'),
(3800, 146, 'Vinica'),
(3801, 146, 'Vitoliste'),
(3802, 146, 'Vranestica'),
(3803, 146, 'Vrapciste'),
(3804, 146, 'Vratnica'),
(3805, 146, 'Vrutok'),
(3806, 146, 'Zajas'),
(3807, 146, 'Zelenikovo'),
(3808, 146, 'Zelino'),
(3809, 146, 'Zitose'),
(3810, 146, 'Zletovo'),
(3811, 146, 'Zrnovci'),
(3812, 271, 'Kosovo'),
(3813, 113, 'Uttaranchal'),
(3814, 113, 'Chhattisgarh'),
(3815, 113, 'Jharkhand'),
(3816, 40, 'Mwaro'),
(3817, 274, 'Bulawayo'),
(3818, 274, 'Harare'),
(3819, 60, 'Adiake'),
(3820, 60, 'Alepe'),
(3821, 60, 'Bocanda'),
(3822, 60, 'Dabou'),
(3823, 60, 'Grand-Bassam'),
(3824, 60, 'Jacqueville'),
(3825, 60, 'Toulepleu'),
(3826, 102, 'Mandiana'),
(3827, 102, 'Lola'),
(3828, 102, 'Lelouma'),
(3829, 102, 'Koubia'),
(3830, 102, 'Coyah'),
(3831, 114, 'Gorontalo'),
(3832, 114, 'Kepulauan Bangka Belitung'),
(3833, 114, 'Banten'),
(3834, 133, 'Ulsan-gwangyoksi'),
(3835, 250, 'Sembabule'),
(3836, 250, 'Nakasongola'),
(3837, 250, 'Katakwi'),
(3838, 250, 'Busia'),
(3839, 250, 'Bugiri'),
(3840, 250, 'Adjumani'),
(3841, 138, 'Nabatiye'),
(3842, 276, 'Khost'),
(3843, 276, 'Nuristan'),
(3844, 16, 'Sarur'),
(3845, 16, 'Sahbuz'),
(3846, 16, 'Sadarak'),
(3847, 16, 'Ordubud'),
(3848, 16, 'Babak'),
(3849, 20, 'Barisal'),
(3850, 20, 'Sylhet'),
(3851, 24, 'Brabant Wallon'),
(3852, 24, 'Vlaams-Brabant'),
(3853, 27, 'Hamilton'),
(3854, 4, 'Eastern Tutuila'),
(3855, 4, 'Unorganized'),
(3856, 4, 'Western Tutuila'),
(3857, 4, 'Manu''a'),
(3858, 30, 'Brcko District'),
(3859, 28, 'Tashi Yangtse'),
(3860, 28, 'Gasa'),
(3861, 26, 'Plateau'),
(3862, 26, 'Littoral'),
(3863, 26, 'Donga'),
(3864, 26, 'Couffo'),
(3865, 26, 'Collines'),
(3866, 26, 'Alibori'),
(3867, 90, 'Guria'),
(3868, 90, 'Imereti'),
(3869, 90, 'Kakheti'),
(3870, 90, 'Kvemo Kartli'),
(3871, 90, 'Mtskheta-Mtianeti'),
(3872, 90, 'Racha-Lochkhumi-Kvemo Svaneti'),
(3873, 90, 'Samegrelo-Zemo Svateni'),
(3874, 90, 'Samtskhe-Javakheti'),
(3875, 90, 'Shida Kartli'),
(3876, 165, 'Govi-Sumber'),
(3877, 165, 'Darhan Uul'),
(3878, 132, 'Najin Sonbong-si'),
(3879, 74, 'Anseba'),
(3880, 74, 'Semenawi Keyih Bahri'),
(3881, 74, 'Maekel'),
(3882, 74, 'Gash Barka'),
(3883, 74, 'Debubawi Keyih Bahri'),
(3884, 74, 'Debub'),
(3885, 44, 'Mosteiros'),
(3886, 44, 'Porto Novo'),
(3887, 44, 'Santa Cruz'),
(3888, 44, 'São Domingos'),
(3889, 44, 'São Filipe'),
(3890, 38, 'Balé'),
(3891, 38, 'Banwa'),
(3892, 38, 'Ioba'),
(3893, 38, 'Komondjari'),
(3894, 38, 'Kompienga'),
(3895, 38, 'Koulpélogo'),
(3896, 38, 'Kourwéogo'),
(3897, 38, 'Léraba'),
(3898, 38, 'Loroum'),
(3899, 38, 'Nayala'),
(3900, 38, 'Noumbiel'),
(3901, 38, 'Tui'),
(3902, 38, 'Yagha'),
(3903, 38, 'Ziro'),
(3904, 38, 'Zondoma'),
(3905, 97, 'Carriacou'),
(3906, 140, 'River Gee'),
(3907, 140, 'Gbarpolu'),
(3908, 238, 'Pwani'),
(3909, 246, 'Düzce'),
(3910, 245, 'Manouba'),
(3911, 151, 'Kidal'),
(3912, 184, 'Rota'),
(3913, 184, 'Saipan'),
(3914, 184, 'Tinian'),
(3915, 204, 'Kigali-Ville'),
(3916, 204, 'Umutara'),
(3917, 155, 'Trinité'),
(3918, 155, 'Saint-Pierre'),
(3919, 155, 'Marin'),
(3920, 155, 'Fort-de-France'),
(3921, 163, 'Taraclia'),
(3922, 148, 'Phalombe'),
(3923, 148, 'Likoma'),
(3924, 148, 'Balaka'),
(3925, 149, 'Putrajaya'),
(3926, 84, 'Saint-Laurent-du-Maroni'),
(3927, 84, 'Cayenne'),
(3928, 261, 'Saint Thomas'),
(3929, 261, 'Saint John'),
(3930, 261, 'Saint Croix'),
(3931, 275, 'West Bank'),
(3932, 275, 'Gaza'),
(3933, 253, 'Wales'),
(3934, 253, 'Scotland'),
(3935, 253, 'Northern Ireland'),
(3936, 253, 'England'),
(3937, 240, 'Centre'),
(3938, 240, 'Kara'),
(3939, 240, 'Maritime'),
(3940, 240, 'Plateaux'),
(3941, 240, 'Savanes'),
(3942, 181, 'Imo'),
(3943, 181, 'Katsina'),
(3944, 253, 'UK'),
(3945, 149, 'MY'),
(3946, 219, 'SG'),
(3947, 109, 'HK'),
(3948, 114, 'INA');

-- 
-- Enable foreign keys
-- 
/*!40014 SET FOREIGN_KEY_CHECKS=@OLD_FOREIGN_KEY_CHECKS */;